Date,Adj_Close
8/19/2004,49.982655
8/20/2004,53.95277
8/23/2004,54.495735
8/24/2004,52.239193
8/25/2004,52.802086
8/26/2004,53.753517
8/27/2004,52.876804
8/30/2004,50.814533
8/31/2004,50.993862
9/1/2004,49.93782
9/2/2004,50.565468
9/3/2004,49.818268
9/7/2004,50.600338
9/8/2004,50.958992
9/9/2004,50.963974
9/10/2004,52.468334
9/13/2004,53.549286
9/14/2004,55.536835
9/15/2004,55.790882
9/16/2004,56.772205
9/17/2004,58.525631
9/20/2004,59.457142
9/21/2004,58.699978
9/22/2004,58.968971
9/23/2004,60.184414
9/24/2004,59.691261
9/27/2004,58.909195
9/28/2004,63.193138
9/29/2004,65.295258
9/30/2004,64.558022
10/1/2004,66.042458
10/4/2004,67.277824
10/5/2004,68.926643
10/6/2004,68.284058
10/7/2004,69.165749
10/8/2004,68.607841
10/11/2004,67.377449
10/12/2004,68.443459
10/13/2004,70.18692
10/14/2004,70.734871
10/15/2004,71.785927
10/18/2004,74.301498
10/19/2004,73.693779
10/20/2004,69.982689
10/21/2004,74.411087
10/22/2004,85.893051
10/25/2004,93.350098
10/26/2004,90.560555
10/27/2004,92.637772
10/28/2004,96.289085
10/29/2004,94.96405
11/1/2004,97.648987
11/2/2004,97.071152
11/3/2004,95.477127
11/4/2004,92.005142
11/5/2004,84.358803
11/8/2004,85.952827
11/9/2004,84.035019
11/10/2004,83.616585
11/11/2004,91.168282
11/12/2004,90.660187
11/15/2004,92.089828
11/16/2004,85.947845
11/17/2004,85.927917
11/18/2004,83.457184
11/19/2004,84.383713
11/22/2004,82.241737
11/23/2004,83.44722
11/24/2004,87.053703
11/26/2004,89.360054
11/29/2004,90.186958
11/30/2004,90.650223
12/1/2004,89.64399
12/2/2004,89.365036
12/3/2004,89.863174
12/6/2004,87.815842
12/7/2004,85.39492
12/8/2004,84.672623
12/9/2004,86.391182
12/10/2004,85.504509
12/13/2004,84.906746
12/14/2004,89.01136
12/15/2004,89.554329
12/16/2004,87.90551
12/17/2004,89.703766
12/20/2004,92.164543
12/21/2004,91.531914
12/22/2004,92.802155
12/23/2004,93.599167
12/27/2004,95.59668
12/28/2004,96.020096
12/29/2004,96.089828
12/30/2004,98.431053
12/31/2004,96.035034
1/3/2005,100.976517
1/4/2005,96.886841
1/5/2005,96.393692
1/6/2005,93.922951
1/7/2005,96.563057
1/10/2005,97.165802
1/11/2005,96.408638
1/12/2005,97.325203
1/13/2005,97.300293
1/14/2005,99.611633
1/18/2005,101.56929
1/19/2005,98.281616
1/20/2005,96.597931
1/21/2005,93.78846
1/24/2005,90.022575
1/25/2005,88.229294
1/26/2005,94.266663
1/27/2005,93.688828
1/28/2005,94.814613
1/31/2005,97.444756
2/1/2005,95.591698
2/2/2005,102.595444
2/3/2005,105.036301
2/4/2005,101.798431
2/7/2005,97.648987
2/8/2005,98.949112
2/9/2005,95.432297
2/10/2005,93.639015
2/11/2005,93.350098
2/14/2005,96.134666
2/15/2005,97.250481
2/16/2005,98.834541
2/17/2005,98.580498
2/18/2005,98.6054
2/22/2005,95.32769
2/23/2005,96.612869
2/24/2005,94.092316
2/25/2005,92.587959
2/28/2005,93.643997
3/1/2005,92.682602
3/2/2005,92.244247
3/3/2005,93.15583
3/4/2005,92.602905
3/7/2005,94.052467
3/8/2005,92.254211
3/9/2005,90.336395
3/10/2005,89.653954
3/11/2005,88.568024
3/14/2005,87.168274
3/15/2005,88.971512
3/16/2005,87.47213
3/17/2005,89.310242
3/18/2005,89.683846
3/21/2005,90.102272
3/22/2005,88.96653
3/23/2005,89.155823
3/24/2005,89.290321
3/28/2005,90.371269
3/29/2005,89.449722
3/30/2005,89.888077
3/31/2005,89.917969
4/1/2005,89.683846
4/4/2005,92.299042
4/5/2005,93.932915
4/6/2005,94.256706
4/7/2005,96.518227
4/8/2005,95.66642
4/11/2005,96.254219
4/12/2005,96.617851
4/13/2005,96.104774
4/14/2005,95.367538
4/15/2005,92.154579
4/18/2005,93.135902
4/19/2005,95.342636
4/20/2005,98.680122
4/21/2005,101.728699
4/22/2005,107.502052
4/25/2005,111.347641
4/26/2005,108.966568
4/27/2005,109.479645
4/28/2005,109.315262
4/29/2005,109.589233
5/2/2005,110.729958
5/3/2005,112.672676
5/4/2005,113.823364
5/5/2005,113.0662
5/6/2005,113.584259
5/9/2005,112.58799
5/10/2005,113.47467
5/11/2005,115.21315
5/12/2005,113.932953
5/13/2005,114.191978
5/16/2005,115.093597
5/17/2005,116.129715
5/18/2005,119.133461
5/19/2005,119.143425
5/20/2005,120.353882
5/23/2005,127.248047
5/24/2005,127.522018
5/25/2005,129.91803
5/26/2005,129.116043
5/27/2005,132.503342
5/31/2005,138.11731
6/1/2005,143.462265
6/2/2005,143.41246
6/3/2005,139.60672
6/6/2005,144.926773
6/7/2005,146.012711
6/8/2005,139.258026
6/9/2005,142.620422
6/10/2005,140.722534
6/13/2005,140.847076
6/14/2005,138.655289
6/15/2005,136.886917
6/16/2005,138.201981
6/17/2005,139.626648
6/20/2005,142.814697
6/21/2005,143.382568
6/22/2005,144.109848
6/23/2005,144.314072
6/24/2005,148.069992
6/27/2005,151.482208
6/28/2005,150.436127
6/29/2005,145.813461
6/30/2005,146.525787
7/1/2005,145.081207
7/5/2005,147.302872
7/6/2005,145.215698
7/7/2005,147.218185
7/8/2005,147.561905
7/11/2005,146.127274
7/12/2005,145.345215
7/13/2005,148.871994
7/14/2005,149.883194
7/15/2005,150.032639
7/18/2005,149.210724
7/19/2005,154.371384
7/20/2005,155.41745
7/21/2005,156.383835
7/22/2005,150.635376
7/25/2005,147.372604
7/26/2005,147.492157
7/27/2005,147.910599
7/28/2005,146.201996
7/29/2005,143.342712
8/1/2005,145.260529
8/2/2005,149.036377
8/3/2005,148.09491
8/4/2005,148.309097
8/5/2005,145.62915
8/8/2005,145.081207
8/9/2005,145.240601
8/10/2005,142.306595
8/11/2005,141.494644
8/12/2005,144.319061
8/15/2005,141.469742
8/16/2005,142.291656
8/17/2005,142.017685
8/18/2005,139.472229
8/19/2005,139.477203
8/22/2005,136.493393
8/23/2005,139.26799
8/24/2005,140.757401
8/25/2005,140.767365
8/26/2005,141.260513
8/29/2005,143.686432
8/30/2005,143.098633
8/31/2005,142.466003
9/1/2005,142.59053
9/2/2005,143.686432
9/6/2005,143.018936
9/7/2005,146.884445
9/8/2005,147.143463
9/9/2005,148.986557
9/12/2005,154.291672
9/13/2005,155.258057
9/14/2005,150.934265
9/15/2005,150.744965
9/16/2005,149.53949
9/19/2005,151.327789
9/20/2005,153.380096
9/21/2005,155.367645
9/22/2005,155.103638
9/23/2005,157.091187
9/26/2005,156.553207
9/27/2005,156.383835
9/28/2005,152.428665
9/29/2005,154.231903
9/30/2005,157.63913
10/3/2005,158.74498
10/4/2005,154.919327
10/5/2005,154.774872
10/6/2005,155.791061
10/7/2005,155.910614
10/10/2005,154.74498
10/11/2005,152.47847
10/12/2005,149.92305
10/13/2005,148.164642
10/14/2005,147.517075
10/17/2005,151.930527
10/18/2005,151.073746
10/19/2005,153.773621
10/20/2005,151.03389
10/21/2005,169.315369
10/24/2005,173.674026
10/25/2005,172.807281
10/26/2005,177.056351
10/27/2005,175.870789
10/28/2005,178.416245
10/31/2005,185.375168
11/1/2005,188.981644
11/2/2005,189.131088
11/3/2005,192.254379
11/4/2005,194.486023
11/7/2005,196.777435
11/8/2005,194.222015
11/9/2005,188.867081
11/10/2005,194.819763
11/11/2005,194.471069
11/14/2005,197.743805
11/15/2005,195.666595
11/16/2005,198.331604
11/17/2005,200.97171
11/18/2005,199.357758
11/21/2005,203.91568
11/22/2005,207.457397
11/23/2005,210.640472
11/25/2005,213.50972
11/28/2005,210.94931
11/29/2005,201.016541
11/30/2005,201.69899
12/1/2005,206.271835
12/2/2005,208.070099
12/5/2005,202.167221
12/6/2005,201.514679
12/7/2005,201.35527
12/8/2005,204.558258
12/9/2005,203.835968
12/12/2005,205.534607
12/13/2005,207.9655
12/14/2005,208.697754
12/15/2005,210.486053
12/16/2005,214.271851
12/19/2005,211.507217
12/20/2005,214.067627
12/21/2005,212.368988
12/22/2005,215.213333
12/23/2005,214.6604
12/27/2005,211.527145
12/28/2005,212.548309
12/29/2005,209.290527
12/30/2005,206.655411
1/3/2006,216.802368
1/4/2006,221.788681
1/5/2006,224.777481
1/6/2006,231.960556
1/9/2006,232.578247
1/10/2006,234.002899
1/11/2006,234.934402
1/12/2006,230.949341
1/13/2006,232.254456
1/17/2006,232.682846
1/18/2006,221.624298
1/19/2006,217.410095
1/20/2006,198.984161
1/23/2006,212.951797
1/24/2006,220.687805
1/25/2006,215.691528
1/26/2006,216.324158
1/27/2006,215.935623
1/30/2006,212.613068
1/31/2006,215.522171
2/1/2006,200.139832
2/2/2006,197.280548
2/3/2006,190.062592
2/6/2006,191.830963
2/7/2006,183.273041
2/8/2006,183.850876
2/9/2006,178.715134
2/10/2006,180.62796
2/13/2006,172.204529
2/14/2006,171.018982
2/15/2006,170.550735
2/16/2006,182.545776
2/17/2006,183.686493
2/21/2006,182.610535
2/22/2006,182.062592
2/23/2006,188.329102
2/24/2006,187.995346
2/27/2006,194.461105
2/28/2006,180.63295
3/1/2006,181.718872
3/2/2006,187.522125
3/3/2006,188.383896
3/6/2006,183.362717
3/7/2006,181.544525
3/8/2006,176.279266
3/9/2006,170.859573
3/10/2006,168.119843
3/13/2006,167.900665
3/14/2006,174.924347
3/15/2006,171.606781
3/16/2006,168.752472
3/17/2006,169.260574
3/20/2006,173.444885
3/21/2006,169.325333
3/22/2006,169.474762
3/23/2006,170.306656
3/24/2006,182.21701
3/27/2006,184.154739
3/28/2006,187.895721
3/29/2006,196.752518
3/30/2006,193.494736
3/31/2006,194.27182
4/3/2006,194.122375
4/4/2006,201.415054
4/5/2006,203.233231
4/6/2006,204.822281
4/7/2006,202.321655
4/10/2006,207.412567
4/11/2006,204.065109
4/12/2006,203.711441
4/13/2006,200.329117
4/17/2006,202.650421
4/18/2006,201.365234
4/19/2006,204.483551
4/20/2006,206.725143
4/21/2006,217.733887
4/24/2006,219.427536
4/25/2006,212.78244
4/26/2006,212.189667
4/27/2006,209.230759
4/28/2006,208.189651
5/1/2006,198.7052
5/2/2006,196.662857
5/3/2006,196.34903
5/4/2006,196.637955
5/5/2006,196.413788
5/8/2006,196.652893
5/9/2006,203.636719
5/10/2006,200.737579
5/11/2006,192.77742
5/12/2006,186.366455
5/15/2006,187.397583
5/16/2006,184.956741
5/17/2006,186.550766
5/18/2006,184.802322
5/19/2006,184.319122
5/22/2006,184.782394
5/23/2006,187.088745
5/24/2006,189.913162
5/25/2006,190.779907
5/26/2006,189.962967
5/30/2006,185.275543
5/31/2006,185.215759
6/1/2006,190.595596
6/2/2006,189.011536
6/5/2006,186.520874
6/6/2006,194.266846
6/7/2006,192.53334
6/8/2006,195.915665
6/9/2006,192.563232
6/12/2006,190.057617
6/13/2006,192.538315
6/14/2006,191.477295
6/15/2006,194.769958
6/16/2006,194.620514
6/19/2006,193.345291
6/20/2006,192.862106
6/21/2006,200.314178
6/22/2006,199.228241
6/23/2006,201.674072
6/26/2006,201.35527
6/27/2006,200.408813
6/28/2006,202.296738
6/29/2006,208.124893
6/30/2006,208.882065
7/3/2006,210.80983
7/5/2006,209.943085
7/6/2006,210.804855
7/7/2006,209.439972
7/10/2006,208.319168
7/11/2006,211.487289
7/12/2006,207.845947
7/13/2006,203.651657
7/14/2006,200.996613
7/17/2006,203.183426
7/18/2006,200.772461
7/19/2006,198.75502
7/20/2006,192.837204
7/21/2006,194.326614
7/24/2006,194.720139
7/25/2006,193.953018
7/26/2006,192.030228
7/27/2006,190.486008
7/28/2006,193.335327
7/31/2006,192.578171
8/1/2006,187.053879
8/2/2006,182.929337
8/3/2006,186.994095
8/4/2006,186.226974
8/7/2006,188.269318
8/8/2006,189.78862
8/9/2006,187.766205
8/10/2006,186.401321
8/11/2006,183.561966
8/14/2006,184.025223
8/15/2006,189.773682
8/16/2006,193.136078
8/17/2006,192.179657
8/18/2006,190.964218
8/21/2006,187.945541
8/22/2006,188.43869
8/23/2006,186.017761
8/24/2006,186.167206
8/25/2006,185.933075
8/28/2006,189.763718
8/29/2006,188.767456
8/30/2006,189.664093
8/31/2006,188.558243
9/1/2006,188.593109
9/5/2006,191.462357
9/6/2006,189.360229
9/7/2006,188.538315
9/8/2006,188.219513
9/11/2006,191.32785
9/12/2006,195.218277
9/13/2006,202.525879
9/14/2006,201.235718
9/15/2006,204.174698
9/18/2006,206.570724
9/19/2006,201.151031
9/20/2006,197.758759
9/21/2006,202.665359
9/22/2006,201.136093
9/25/2006,201.235718
9/26/2006,202.675323
9/27/2006,200.707703
9/28/2006,201.036469
9/29/2006,200.1996
10/2/2006,199.970459
10/3/2006,201.26561
10/4/2006,207.073837
10/5/2006,205.136093
10/6/2006,209.464874
10/9/2006,213.699005
10/10/2006,212.528397
10/11/2006,212.453674
10/12/2006,212.921921
10/13/2006,212.852173
10/16/2006,210.08754
10/17/2006,209.534607
10/18/2006,208.872101
10/19/2006,212.234497
10/20/2006,228.976746
10/23/2006,239.492325
10/24/2006,235.771271
10/25/2006,242.391464
10/26/2006,241.644257
10/27/2006,236.712738
10/30/2006,237.395187
10/31/2006,237.305527
11/1/2006,232.877121
11/2/2006,234.077621
11/3/2006,235.019089
11/6/2006,237.584473
11/7/2006,235.402649
11/8/2006,236.613113
11/9/2006,235.432541
11/10/2006,235.890823
11/13/2006,239.616852
11/14/2006,243.73642
11/15/2006,245.046509
11/16/2006,247.024094
11/17/2006,248.463699
11/20/2006,246.600677
11/21/2006,253.873413
11/22/2006,253.056488
11/24/2006,251.557098
11/27/2006,241.46991
11/28/2006,243.836044
11/29/2006,241.420105
11/30/2006,241.499802
12/1/2006,239.502289
12/4/2006,241.51973
12/5/2006,242.590714
12/6/2006,243.44252
12/7/2006,240.418854
12/8/2006,241.151108
12/11/2006,241.061447
12/12/2006,239.990463
12/13/2006,238.600662
12/14/2006,240.159821
12/15/2006,239.25322
12/18/2006,230.535889
12/19/2006,233.440002
12/20/2006,230.585709
12/21/2006,227.248215
12/22/2006,226.939377
12/26/2006,227.910736
12/27/2006,233.141129
12/28/2006,230.416336
12/29/2006,229.380234
1/3/2007,232.921951
1/4/2007,240.727692
1/5/2007,242.685349
1/8/2007,240.8871
1/9/2007,241.843506
1/10/2007,243.816116
1/11/2007,248.926956
1/12/2007,251.557098
1/16/2007,251.198441
1/17/2007,247.711517
1/18/2007,243.004166
1/19/2007,243.960571
1/22/2007,239.522217
1/23/2007,238.630554
1/24/2007,248.60318
1/25/2007,243.133682
1/26/2007,246.994202
1/29/2007,245.315491
1/30/2007,246.237045
1/31/2007,249.813644
2/1/2007,239.97551
2/2/2007,239.850983
2/5/2007,232.707748
2/6/2007,234.859695
2/7/2007,234.127426
2/8/2007,234.635529
2/9/2007,230.082596
2/12/2007,228.289322
2/13/2007,228.69281
2/14/2007,232.095047
2/15/2007,229.873383
2/16/2007,234.09256
2/20/2007,235.168533
2/21/2007,237.041504
2/22/2007,237.03653
2/23/2007,234.43129
2/26/2007,231.596924
2/27/2007,223.547089
2/28/2007,223.885818
3/1/2007,223.278091
3/2/2007,218.520935
3/5/2007,219.651688
3/6/2007,227.9207
3/7/2007,226.969269
3/8/2007,226.510986
3/9/2007,225.634262
3/12/2007,226.525925
3/13/2007,220.687805
3/14/2007,223.163528
3/15/2007,222.261902
3/16/2007,219.601883
3/19/2007,222.779968
3/20/2007,221.808609
3/21/2007,227.422562
3/22/2007,230.157318
3/23/2007,230.052704
3/26/2007,231.63179
3/27/2007,230.944366
3/28/2007,230.077606
3/29/2007,229.599411
3/30/2007,228.224564
4/2/2007,228.408875
4/3/2007,235.417603
4/4/2007,234.630554
4/5/2007,234.874634
4/9/2007,233.230789
4/10/2007,232.378983
4/11/2007,231.397659
4/12/2007,232.822327
4/13/2007,232.274384
4/16/2007,236.249481
4/17/2007,235.517227
4/18/2007,237.116226
4/19/2007,234.944366
4/20/2007,240.339157
4/23/2007,238.645493
4/24/2007,237.873398
4/25/2007,238.102539
4/26/2007,239.691574
4/27/2007,238.610626
4/30/2007,234.809875
5/1/2007,233.624313
5/2/2007,232.020325
5/3/2007,235.731415
5/4/2007,234.680359
5/7/2007,232.762543
5/8/2007,232.533401
5/9/2007,233.748856
5/10/2007,229.873383
5/11/2007,232.498535
5/14/2007,230.027802
5/15/2007,228.144852
5/16/2007,235.422577
5/17/2007,234.600662
5/18/2007,234.28186
5/21/2007,234.421326
5/22/2007,237.041504
5/23/2007,236.100037
5/24/2007,236.279373
5/25/2007,240.857208
5/29/2007,242.645508
5/30/2007,248.369049
5/31/2007,248.025345
6/1/2007,249.265686
6/4/2007,252.588242
6/5/2007,258.451263
6/6/2007,258.157349
6/7/2007,256.568329
6/8/2007,256.782501
6/11/2007,254.715271
6/12/2007,251.442535
6/13/2007,251.676651
6/14/2007,250.48114
6/15/2007,252.000443
6/18/2007,256.638062
6/19/2007,256.194733
6/20/2007,254.032822
6/21/2007,256.095093
6/22/2007,261.509796
6/25/2007,262.72525
6/26/2007,264.139954
6/27/2007,262.162354
6/28/2007,261.52475
6/29/2007,260.374054
7/2/2007,264.199707
7/3/2007,266.172333
7/5/2007,269.803711
7/6/2007,268.692871
7/9/2007,270.266968
7/10/2007,270.655518
7/11/2007,271.218414
7/12/2007,271.64679
7/13/2007,275.049042
7/16/2007,275.462494
7/17/2007,276.463745
7/18/2007,273.72403
7/19/2007,273.270721
7/20/2007,259.088867
7/23/2007,255.29808
7/24/2007,256.040283
7/25/2007,253.928207
7/26/2007,253.051498
7/27/2007,254.989243
7/30/2007,257.09137
7/31/2007,254.04776
8/1/2007,255.512283
8/2/2007,254.550888
8/3/2007,250.560837
8/6/2007,254.04776
8/7/2007,257.046539
8/8/2007,261.908295
8/9/2007,256.403931
8/10/2007,256.912018
8/13/2007,256.787506
8/14/2007,253.350388
8/15/2007,247.846008
8/16/2007,244.84227
8/17/2007,249.086365
8/20/2007,248.030319
8/21/2007,252.3591
8/22/2007,255.417633
8/23/2007,255.138672
8/24/2007,256.538422
8/27/2007,255.671677
8/28/2007,252.254486
8/29/2007,255.482391
8/30/2007,254.745148
8/31/2007,256.662964
9/4/2007,261.594482
9/5/2007,262.91452
9/6/2007,260.782532
9/7/2007,258.705322
9/10/2007,256.279388
9/11/2007,259.69162
9/12/2007,260.349152
9/13/2007,261.410156
9/14/2007,263.387756
9/17/2007,261.669189
9/18/2007,266.63559
9/19/2007,272.403961
9/20/2007,275.382813
9/21/2007,279.004211
9/24/2007,282.949432
9/25/2007,283.437592
9/26/2007,283.019165
9/27/2007,282.690399
9/28/2007,282.575836
10/1/2007,290.187317
10/2/2007,291.103882
10/3/2007,290.919556
10/4/2007,288.433868
10/5/2007,295.915833
10/8/2007,303.671753
10/9/2007,306.441376
10/10/2007,311.527313
10/11/2007,309.838654
10/12/2007,317.504913
10/15/2007,308.897186
10/16/2007,306.849854
10/17/2007,315.55722
10/18/2007,318.615753
10/19/2007,321.151245
10/22/2007,324.159973
10/23/2007,336.62326
10/24/2007,336.648163
10/25/2007,333.006805
10/26/2007,336.040436
10/29/2007,338.346802
10/30/2007,346.087769
10/31/2007,352.179932
11/1/2007,350.292023
11/2/2007,354.296997
11/5/2007,361.470123
11/6/2007,369.509979
11/7/2007,365.101501
11/8/2007,345.624512
11/9/2007,330.7453
11/12/2007,314.854858
11/13/2007,329.041656
11/14/2007,319.641907
11/15/2007,313.649353
11/16/2007,315.631927
11/19/2007,311.75647
11/20/2007,323.059082
11/21/2007,329.026733
11/23/2007,337.086517
11/26/2007,331.7565
11/27/2007,335.527374
11/28/2007,344.837463
11/29/2007,347.198608
11/30/2007,345.206085
12/3/2007,339.492493
12/4/2007,340.802582
12/5/2007,347.950806
12/6/2007,356.294525
12/7/2007,356.10025
12/10/2007,357.868622
12/11/2007,348.294495
12/12/2007,348.369232
12/13/2007,345.729126
12/14/2007,343.691772
12/17/2007,333.365479
12/18/2007,335.417786
12/19/2007,337.420258
12/20/2007,343.557251
12/21/2007,347.044189
12/24/2007,349.056641
12/26/2007,354.092773
12/27/2007,349.061646
12/28/2007,349.953278
12/31/2007,344.448914
1/2/2008,341.315674
1/3/2008,341.385406
1/4/2008,327.273285
1/7/2008,323.412781
1/8/2008,314.660583
1/9/2008,325.380402
1/10/2008,322.157471
1/11/2008,317.933319
1/14/2008,325.68924
1/15/2008,317.63443
1/16/2008,306.824951
1/17/2008,299.273254
1/18/2008,299.004272
1/22/2008,291.083954
1/23/2008,273.285645
1/24/2008,286.172363
1/25/2008,282.142456
1/28/2008,276.951904
1/29/2008,274.232117
1/30/2008,273.111298
1/31/2008,281.096375
2/1/2008,256.986755
2/4/2008,246.789978
2/5/2008,252.453735
2/6/2008,249.918243
2/7/2008,251.532196
2/8/2008,257.38028
2/11/2008,259.606934
2/12/2008,258.077667
2/13/2008,266.311798
2/14/2008,265.131226
2/15/2008,263.831085
2/19/2008,253.524734
2/20/2008,253.549637
2/21/2008,250.491104
2/22/2008,252.951874
2/25/2008,242.311752
2/26/2008,231.228302
2/27/2008,235.547119
2/28/2008,236.807388
2/29/2008,234.710251
3/3/2008,227.656693
3/4/2008,221.469879
3/5/2008,223.014084
3/6/2008,215.542099
3/7/2008,215.865875
3/10/2008,206.03772
3/11/2008,219.09877
3/12/2008,219.268127
3/13/2008,220.677841
3/14/2008,218.142349
3/17/2008,209.151047
3/18/2008,218.76004
3/19/2008,215.193405
3/20/2008,215.965515
3/24/2008,229.420074
3/25/2008,224.54834
3/26/2008,228.239502
3/27/2008,221.210846
3/28/2008,218.222046
3/31/2008,219.412582
4/1/2008,231.985458
4/2/2008,231.980484
4/3/2008,226.710236
4/4/2008,234.665421
4/7/2008,237.519714
4/8/2008,233.03154
4/9/2008,231.228302
4/10/2008,233.664169
4/11/2008,227.87088
4/14/2008,224.986694
4/15/2008,222.585693
4/16/2008,226.665405
4/17/2008,223.930649
4/18/2008,268.697845
4/21/2008,267.890869
4/22/2008,276.463745
4/23/2008,272.22464
4/24/2008,270.506073
4/25/2008,271.01416
4/28/2008,275.029114
4/29/2008,278.192261
4/30/2008,286.072723
5/1/2008,295.432648
5/2/2008,289.559662
5/5/2008,296.339233
5/6/2008,292.085205
5/7/2008,288.418945
5/8/2008,290.416443
5/9/2008,285.529755
5/12/2008,291.377838
5/13/2008,290.411469
5/14/2008,287.073975
5/15/2008,289.415192
5/16/2008,288.951935
5/19/2008,287.681702
5/20/2008,288.219696
5/21/2008,273.968109
5/22/2008,273.704102
5/23/2008,271.293121
5/27/2008,279.40274
5/28/2008,283.059021
5/29/2008,290.411469
5/30/2008,291.806244
6/2/2008,286.426392
6/3/2008,282.59079
6/4/2008,285.041595
6/5/2008,292.055298
6/6/2008,282.441345
6/9/2008,277.893402
6/10/2008,276.050293
6/11/2008,271.582031
6/12/2008,275.442566
6/13/2008,284.687927
6/16/2008,285.33548
6/17/2008,283.666748
6/18/2008,280.139954
6/19/2008,279.054047
6/20/2008,272.194733
6/23/2008,271.587036
6/24/2008,270.137451
6/25/2008,274.471222
6/26/2008,263.422638
6/27/2008,263.049042
6/30/2008,262.227112
7/1/2008,266.366608
7/2/2008,262.53595
7/3/2008,267.497345
7/7/2008,270.939453
7/8/2008,276.229614
7/9/2008,269.763855
7/10/2008,269.275696
7/11/2008,265.90332
7/14/2008,259.83606
7/15/2008,257.08139
7/16/2008,266.799957
7/17/2008,265.723999
7/18/2008,239.761322
7/21/2008,233.524689
7/22/2008,237.664169
7/23/2008,243.696564
7/24/2008,236.921951
7/25/2008,245.071411
7/28/2008,237.669159
7/29/2008,240.652969
7/30/2008,240.448746
7/31/2008,235.990448
8/1/2008,233.056442
8/4/2008,230.635529
8/5/2008,239.029068
8/6/2008,242.261948
8/7/2008,238.665421
8/8/2008,246.58075
8/11/2008,249.484863
8/12/2008,250.366562
8/13/2008,249.081375
8/14/2008,251.801193
8/15/2008,254.122482
8/18/2008,248.219604
8/19/2008,244.334183
8/20/2008,241.594452
8/21/2008,242.356583
8/22/2008,244.379013
8/25/2008,240.603165
8/26/2008,236.194687
8/27/2008,233.4151
8/28/2008,236.005386
8/29/2008,230.779984
9/2/2008,231.756317
9/3/2008,231.337891
9/4/2008,224.289307
9/5/2008,221.295532
9/8/2008,209.190903
9/9/2008,208.548309
9/10/2008,206.306717
9/11/2008,216.06514
9/12/2008,218.012833
9/15/2008,216.119934
9/16/2008,220.638
9/17/2008,206.4711
9/18/2008,218.720184
9/19/2008,223.736374
9/22/2008,214.266876
9/23/2008,213.833496
9/24/2008,216.742599
9/25/2008,218.979218
9/26/2008,214.715195
9/29/2008,189.78862
9/30/2008,199.512177
10/1/2008,205.091263
10/2/2008,194.5159
10/3/2008,192.73259
10/6/2008,184.911911
10/7/2008,172.358963
10/8/2008,168.423706
10/9/2008,163.875748
10/10/2008,165.380112
10/13/2008,189.798584
10/14/2008,180.67778
10/15/2008,168.951721
10/16/2008,175.850861
10/17/2008,185.574417
10/20/2008,188.951767
10/21/2008,180.697708
10/22/2008,177.170914
10/23/2008,175.502182
10/24/2008,169.011505
10/27/2008,164.129807
10/28/2008,183.686493
10/29/2008,178.331573
10/30/2008,179.173416
10/31/2008,179.009033
11/3/2008,172.598053
11/4/2008,182.784882
11/5/2008,170.481003
11/6/2008,164.991577
11/7/2008,164.951721
11/10/2008,158.7948
11/11/2008,155.148468
11/12/2008,144.956665
11/13/2008,155.457306
11/14/2008,154.431152
11/17/2008,149.499634
11/18/2008,148.154678
11/19/2008,139.566864
11/20/2008,129.295364
11/21/2008,130.725006
11/24/2008,128.239334
11/25/2008,140.498383
11/26/2008,145.499634
11/28/2008,145.933014
12/1/2008,132.498367
12/2/2008,137.041336
12/3/2008,139.193268
12/4/2008,136.657776
12/5/2008,141.464752
12/8/2008,150.490921
12/9/2008,152.413712
12/10/2008,153.833389
12/11/2008,149.549454
12/12/2008,157.290436
12/15/2008,154.754944
12/16/2008,162.032669
12/17/2008,157.031403
12/18/2008,154.560669
12/19/2008,154.505875
12/22/2008,148.000259
12/23/2008,148.453552
12/24/2008,150.909348
12/26/2008,149.619186
12/29/2008,148.154678
12/30/2008,150.989059
12/31/2008,153.25058
1/2/2009,160.060059
1/5/2009,163.412491
1/6/2009,166.406265
1/7/2009,160.403763
1/8/2009,161.987823
1/9/2009,156.946732
1/12/2009,155.761169
1/13/2009,156.57312
1/14/2009,149.92305
1/15/2009,148.936752
1/16/2009,149.275482
1/20/2009,140.847076
1/21/2009,150.974106
1/22/2009,152.677719
1/23/2009,161.743744
1/26/2009,161.330292
1/27/2009,165.121078
1/28/2009,173.68399
1/29/2009,171.018982
1/30/2009,168.632919
2/2/2009,169.649109
2/3/2009,169.58934
2/4/2009,170.859573
2/5/2009,176.199554
2/6/2009,184.946777
2/9/2009,188.677795
2/10/2009,178.585617
2/11/2009,178.351501
2/12/2009,180.847137
2/13/2009,178.172165
2/17/2009,170.690216
2/18/2009,175.895706
2/19/2009,170.680252
2/20/2009,172.57814
2/23/2009,164.413742
2/24/2009,172.080002
2/25/2009,170.182114
2/26/2009,167.960449
2/27/2009,168.363937
3/2/2009,162.969147
3/3/2009,162.132294
3/4/2009,158.864532
3/5/2009,152.249329
3/6/2009,153.708862
3/9/2009,144.901871
3/10/2009,153.509613
3/11/2009,158.36142
3/12/2009,161.160934
3/13/2009,161.604263
3/16/2009,159.248093
3/17/2009,167.043884
3/18/2009,165.928055
3/19/2009,164.353958
3/20/2009,164.463547
3/23/2009,173.649124
3/24/2009,172.936783
3/25/2009,171.392578
3/26/2009,175.985367
3/27/2009,173.200806
3/30/2009,170.705154
3/31/2009,173.380127
4/1/2009,176.383865
4/2/2009,180.573166
4/3/2009,184.19957
4/6/2009,183.432449
4/7/2009,178.65535
4/8/2009,180.324097
4/9/2009,185.554489
4/13/2009,188.349014
4/14/2009,183.766205
4/15/2009,189.041428
4/16/2009,193.64418
4/17/2009,195.387634
4/20/2009,188.941803
4/21/2009,190.022751
4/22/2009,191.213287
4/23/2009,191.62674
4/24/2009,194.017776
4/27/2009,192.254379
4/28/2009,191.138565
4/29/2009,195.004074
4/30/2009,197.245682
5/1/2009,196.109924
5/4/2009,200.239456
5/5/2009,200.742569
5/6/2009,200.981674
5/7/2009,197.564484
5/8/2009,202.904465
5/11/2009,203.228256
5/12/2009,198.759995
5/13/2009,194.042679
5/14/2009,193.026489
5/15/2009,194.27182
5/18/2009,197.679047
5/19/2009,198.695236
5/20/2009,197.848419
5/21/2009,197.509689
5/22/2009,196.015289
5/26/2009,201.425003
5/27/2009,202.022766
5/28/2009,204.433731
5/29/2009,207.835983
6/1/2009,212.483566
6/2/2009,213.400131
6/3/2009,215.019058
6/4/2009,219.317947
6/5/2009,221.330399
6/8/2009,218.565765
6/9/2009,216.996643
6/10/2009,215.492279
6/11/2009,213.699005
6/12/2009,211.62677
6/15/2009,207.606842
6/16/2009,207.223282
6/17/2009,206.80484
6/18/2009,206.256897
6/19/2009,209.260635
6/22/2009,202.914429
6/23/2009,202.08255
6/24/2009,203.880798
6/25/2009,207.108704
6/26/2009,211.865875
6/29/2009,211.278076
6/30/2009,210.007843
7/1/2009,208.712692
7/2/2009,203.4823
7/6/2009,204.040207
7/7/2009,197.574448
7/8/2009,200.4935
7/9/2009,204.428757
7/10/2009,206.42627
7/13/2009,211.357773
7/14/2009,211.552048
7/15/2009,218.266876
7/16/2009,220.473618
7/17/2009,214.321671
7/20/2009,214.281815
7/21/2009,213.151062
7/22/2009,213.046448
7/23/2009,217.853439
7/24/2009,222.525925
7/27/2009,221.569504
7/28/2009,219.103745
7/29/2009,217.305481
7/30/2009,221.98793
7/31/2009,220.697769
8/3/2009,225.260666
8/4/2009,226.017822
8/5/2009,224.727661
8/6/2009,224.339127
8/7/2009,227.696533
8/10/2009,227.452454
8/11/2009,226.122437
8/12/2009,228.433777
8/13/2009,230.276871
8/14/2009,229.141129
8/17/2009,221.614334
8/18/2009,221.808609
8/19/2009,221.156052
8/20/2009,229.345352
8/21/2009,231.751343
8/24/2009,233.489822
8/25/2009,234.804901
8/26/2009,233.12619
8/27/2009,232.159805
8/28/2009,231.507248
8/31/2009,229.973007
9/1/2009,227.029037
9/2/2009,225.65918
9/3/2009,227.905746
9/4/2009,229.788696
9/8/2009,228.453705
9/9/2009,231.118713
9/10/2009,234.590698
9/11/2009,235.188461
9/14/2009,236.672897
9/15/2009,237.878372
9/16/2009,243.233307
9/17/2009,244.941895
9/18/2009,244.812378
9/21/2009,247.572037
9/22/2009,248.59819
9/23/2009,248.299316
9/24/2009,247.457474
9/25/2009,245.32048
9/28/2009,248.334183
9/29/2009,248.334183
9/30/2009,246.999191
10/1/2009,242.690338
10/2/2009,241.385223
10/5/2009,243.34787
10/6/2009,248.438797
10/7/2009,257.80368
10/8/2009,256.129974
10/9/2009,257.161102
10/12/2009,261.041565
10/13/2009,262.072693
10/14/2009,266.660492
10/15/2009,263.965607
10/16/2009,273.898376
10/19/2009,275.014191
10/20/2009,274.829865
10/21/2009,274.521027
10/22/2009,276.010437
10/23/2009,275.811188
10/26/2009,276.070221
10/27/2009,273.121277
10/28/2009,269.141205
10/29/2009,274.496124
10/30/2009,267.05899
11/2/2009,265.997986
11/3/2009,267.641815
11/4/2009,269.156128
11/5/2009,273.300598
11/6/2009,274.521027
11/9/2009,280.204712
11/10/2009,282.321777
11/11/2009,284.214691
11/12/2009,282.864746
11/13/2009,284.956909
11/16/2009,287.064026
11/17/2009,287.666748
11/18/2009,287.248322
11/19/2009,285.425171
11/20/2009,283.915802
11/23/2009,290.087677
11/24/2009,290.456299
11/25/2009,291.776337
11/27/2009,288.797516
11/30/2009,290.411469
12/1/2009,293.833649
12/2/2009,292.658051
12/3/2009,291.776337
12/4/2009,291.41272
12/7/2009,292.030396
12/8/2009,292.428894
12/9/2009,293.410217
12/10/2009,294.645599
12/11/2009,294.152435
12/14/2009,296.752686
12/15/2009,295.462524
12/16/2009,297.763916
12/17/2009,295.861053
12/18/2009,297.096405
12/21/2009,298.222198
12/22/2009,299.437622
12/23/2009,304.697906
12/24/2009,308.085236
12/28/2009,310.272034
12/29/2009,308.543518
12/30/2009,310.202271
12/31/2009,308.832428
1/4/2010,312.204773
1/5/2010,310.829926
1/6/2010,302.994293
1/7/2010,295.940735
1/8/2010,299.885956
1/11/2010,299.432648
1/12/2010,294.137512
1/13/2010,292.448822
1/14/2010,293.823669
1/15/2010,288.917053
1/19/2010,292.71283
1/20/2010,289.121307
1/21/2010,290.401489
1/22/2010,273.978058
1/25/2010,268.99176
1/26/2010,270.197235
1/27/2010,270.037842
1/28/2010,266.1474
1/29/2010,263.98053
2/1/2010,265.514771
2/2/2010,264.568329
2/3/2010,269.400208
2/4/2010,262.406433
2/5/2010,264.653015
2/8/2010,265.738953
2/9/2010,267.218414
2/10/2010,266.227112
2/11/2010,267.198486
2/12/2010,265.564606
2/16/2010,269.639313
2/17/2010,268.100098
2/18/2010,270.595734
2/19/2010,269.370331
2/22/2010,270.386536
2/23/2010,266.53595
2/24/2010,264.742676
2/25/2010,262.232086
2/26/2010,262.416412
3/1/2010,265.350403
3/2/2010,269.519775
3/3/2010,271.641815
3/4/2010,276.259521
3/5/2010,281.051544
3/8/2010,280.189789
3/9/2010,279.049042
3/10/2010,287.148682
3/11/2010,289.484924
3/12/2010,288.687927
3/15/2010,280.538483
3/16/2010,281.544708
3/17/2010,281.72403
3/18/2010,282.142456
3/19/2010,278.954407
3/22/2010,277.709076
3/23/2010,273.474945
3/24/2010,277.62439
3/25/2010,280.389038
3/26/2010,280.294403
3/29/2010,280.174835
3/30/2010,282.296875
3/31/2010,282.501129
4/1/2010,283.337982
4/5/2010,284.438843
4/6/2010,283.049072
4/7/2010,280.717804
4/8/2010,282.685425
4/9/2010,282.052795
4/12/2010,285.295654
4/13/2010,292.289429
4/14/2010,293.400269
4/15/2010,296.538513
4/16/2010,274.047791
4/19/2010,274.022888
4/20/2010,276.483673
4/21/2010,276.115051
4/22/2010,272.508575
4/23/2010,271.477448
4/26/2010,264.827362
4/27/2010,263.542175
4/28/2010,263.606934
4/29/2010,265.006683
4/30/2010,261.868439
5/3/2010,264.309296
5/4/2010,252.239548
5/5/2010,253.928207
5/6/2010,248.403915
5/7/2010,245.649246
5/10/2010,259.851013
5/11/2010,253.574539
5/12/2010,251.751373
5/13/2010,254.48613
5/14/2010,252.817383
5/17/2010,253.03656
5/18/2010,248.254486
5/19/2010,246.29184
5/20/2010,236.618103
5/21/2010,235.143631
5/24/2010,237.689087
5/25/2010,237.644257
5/26/2010,236.847244
5/27/2010,244.314255
5/28/2010,241.908264
6/1/2010,240.284363
6/2/2010,245.763824
6/3/2010,251.855988
6/4/2010,248.428833
6/7/2010,241.85347
6/8/2010,241.484848
6/9/2010,236.124939
6/10/2010,242.595688
6/11/2010,243.337906
6/14/2010,240.692825
6/15/2010,248.065186
6/16/2010,249.699066
6/17/2010,249.106293
6/18/2010,249.081375
6/21/2010,243.367798
6/22/2010,242.217117
6/23/2010,240.124954
6/24/2010,236.662933
6/25/2010,235.457443
6/28/2010,235.158569
6/29/2010,226.281845
6/30/2010,221.644226
7/1/2010,218.924423
7/2/2010,217.4599
7/6/2010,217.22081
7/7/2010,224.259415
7/8/2010,227.427551
7/9/2010,232.872131
7/12/2010,237.026566
7/13/2010,243.6866
7/14/2010,244.752609
7/15/2010,246.087601
7/16/2010,228.946854
7/19/2010,232.219589
7/20/2010,239.895813
7/21/2010,237.858444
7/22/2010,241.499802
7/23/2010,244.11499
7/26/2010,243.572037
7/27/2010,245.395203
7/28/2010,241.27066
7/29/2010,241.589462
7/30/2010,241.51973
8/2/2010,244.289337
8/3/2010,244.000427
8/4/2010,252.21463
8/5/2010,253.101318
8/6/2010,249.176025
8/9/2010,251.731445
8/10/2010,250.914505
8/11/2010,244.951859
8/12/2010,245.086349
8/13/2010,242.266922
8/16/2010,241.888336
8/17/2010,244.344131
8/18/2010,240.174759
8/19/2010,233.111237
8/20/2010,230.147354
8/23/2010,231.168518
8/24/2010,224.852203
8/25/2010,226.461166
8/26/2010,224.647964
8/27/2010,228.558304
8/30/2010,225.499771
8/31/2010,224.169754
9/1/2010,229.305511
9/2/2010,230.725189
9/3/2010,234.271896
9/7/2010,231.332901
9/8/2010,234.411362
9/9/2010,237.200912
9/10/2010,237.180984
9/13/2010,240.234543
9/14/2010,239.317978
9/15/2010,239.422592
9/16/2010,239.631805
9/17/2010,244.159836
9/20/2010,253.190979
9/21/2010,255.771301
9/22/2010,257.03656
9/23/2010,255.781265
9/24/2010,262.660492
9/27/2010,264.214661
9/28/2010,262.600708
9/29/2010,262.859741
9/30/2010,261.9133
10/1/2010,261.828613
10/4/2010,260.199707
10/5/2010,268.110046
10/6/2010,266.177307
10/7/2010,264.015411
10/8/2010,267.173553
10/11/2010,268.41391
10/12/2010,269.684143
10/13/2010,270.63559
10/14/2010,269.455017
10/15/2010,299.60202
10/18/2010,307.70166
10/19/2010,302.780121
10/20/2010,302.854828
10/21/2010,304.852325
10/22/2010,305.121338
10/25/2010,307.098907
10/26/2010,308.144989
10/27/2010,307.083984
10/28/2010,308.13504
10/29/2010,305.704132
11/1/2010,306.351715
11/2/2010,306.650604
11/3/2010,308.932037
11/4/2010,310.969421
11/5/2010,311.372894
11/8/2010,312.214752
11/9/2010,311.243378
11/10/2010,310.277008
11/11/2010,307.442627
11/12/2010,300.518585
11/15/2010,296.623169
11/16/2010,290.770111
11/17/2010,290.685425
11/18/2010,297.166138
11/19/2010,294.311859
11/22/2010,294.506104
11/23/2010,290.416443
11/24/2010,296.374115
11/26/2010,293.898407
11/29/2010,289.96814
11/30/2010,276.817413
12/1/2010,281.121277
12/2/2010,284.842346
12/3/2010,285.430145
12/6/2010,288.100128
12/7/2010,292.473724
12/8/2010,294.167389
12/9/2010,294.645599
12/10/2010,294.999268
12/13/2010,296.199768
12/14/2010,296.344238
12/15/2010,294.047852
12/16/2010,294.750214
12/17/2010,294.296906
12/20/2010,296.418945
12/21/2010,300.408997
12/22/2010,301.614471
12/23/2010,300.986816
12/27/2010,300.065277
12/28/2010,298.341736
12/29/2010,299.377869
12/30/2010,298.311859
12/31/2010,295.875977
1/3/2011,301.0466
1/4/2011,299.93576
1/5/2011,303.397797
1/6/2011,305.604523
1/7/2011,307.069031
1/10/2011,305.958191
1/11/2011,306.854828
1/12/2011,307.283234
1/13/2011,307.193573
1/14/2011,310.924591
1/18/2011,318.620728
1/19/2011,314.695435
1/20/2011,312.214752
1/21/2011,304.772644
1/24/2011,304.399048
1/25/2011,308.797546
1/26/2011,307.098907
1/27/2011,307.243378
1/28/2011,299.372864
1/31/2011,299.059052
2/1/2011,304.37912
2/2/2011,304.85733
2/3/2011,303.93576
2/4/2011,304.349213
2/7/2011,305.998047
2/8/2011,308.0354
2/9/2011,307.098907
2/10/2011,307.069031
2/11/2011,311.083984
2/14/2011,312.902161
2/15/2011,310.909637
2/16/2011,310.944489
2/17/2011,311.462555
2/18/2011,313.863556
2/22/2011,303.965668
2/23/2011,304.518585
2/24/2011,303.273254
2/25/2011,303.880981
2/28/2011,305.554718
3/1/2011,299.258301
3/2/2011,299.273254
3/3/2011,303.641876
3/4/2011,299.188568
3/7/2011,294.725311
3/8/2011,295.049072
3/9/2011,294.78009
3/10/2011,289.066498
3/11/2011,287.278198
3/14/2011,283.930756
3/15/2011,283.716553
3/16/2011,277.509827
3/17/2011,279.631866
3/18/2011,279.482422
3/21/2011,287.173615
3/22/2011,287.582062
3/23/2011,289.993042
3/24/2011,292.349213
3/25/2011,288.787567
3/28/2011,286.605743
3/29/2011,289.778839
3/30/2011,289.833618
3/31/2011,292.284454
4/1/2011,294.795044
4/4/2011,292.742737
4/5/2011,283.482452
4/6/2011,286.017944
4/7/2011,288.917053
4/8/2011,288.000488
4/11/2011,287.606964
4/12/2011,284.239594
4/13/2011,287.064026
4/14/2011,288.174835
4/15/2011,264.359131
4/18/2011,262.43631
4/19/2011,259.791229
4/20/2011,261.883392
4/21/2011,261.56958
4/25/2011,261.544678
4/26/2011,265.415161
4/27/2011,267.875946
4/28/2011,267.98053
4/29/2011,271.034088
5/2/2011,268.274445
5/3/2011,265.948151
5/4/2011,266.894623
5/5/2011,266.137451
5/6/2011,266.650543
5/9/2011,267.83609
5/10/2011,270.316772
5/11/2011,266.72525
5/12/2011,266.526001
5/13/2011,263.786255
5/16/2011,258.242035
5/17/2011,264.239563
5/18/2011,263.915771
5/19/2011,264.633087
5/20/2011,261.03656
5/23/2011,258.227112
5/24/2011,258.162354
5/25/2011,258.864716
5/26/2011,258.097595
5/27/2011,259.477417
5/31/2011,263.522247
6/1/2011,261.818634
6/2/2011,263.044037
6/3/2011,260.563354
6/6/2011,259.557129
6/7/2011,258.545898
6/8/2011,258.615631
6/9/2011,257.400208
6/10/2011,253.80368
6/13/2011,251.422607
6/14/2011,253.235809
6/15/2011,250.535934
6/16/2011,249.250748
6/17/2011,241.604401
6/20/2011,241.385223
6/21/2011,245.579514
6/22/2011,242.595688
6/23/2011,239.213364
6/24/2011,236.553345
6/27/2011,240.49855
6/28/2011,245.90329
6/29/2011,247.855972
6/30/2011,252.244522
7/1/2011,259.542175
7/5/2011,265.225861
7/6/2011,266.68042
7/7/2011,272.279419
7/8/2011,265.001709
7/11/2011,262.655518
7/12/2011,266.007935
7/13/2011,268.125
7/14/2011,263.482391
7/15/2011,297.694183
7/18/2011,296.359161
7/19/2011,300.149963
7/20/2011,296.563416
7/21/2011,302.361664
7/22/2011,307.960693
7/25/2011,308.33429
7/26/2011,310.097687
7/27/2011,302.476257
7/28/2011,304.329285
7/29/2011,300.717834
8/1/2011,302.252075
8/2/2011,295.093903
8/3/2011,299.462555
8/4/2011,287.681702
8/5/2011,288.438873
8/8/2011,271.990509
8/9/2011,285.634369
8/10/2011,273.479919
8/11/2011,280.015442
8/12/2011,280.832367
8/15/2011,277.574585
8/16/2011,268.493622
8/17/2011,265.579529
8/18/2011,251.49733
8/19/2011,244.543396
8/22/2011,248.154861
8/23/2011,258.441284
8/24/2011,260.667938
8/25/2011,259.049011
8/26/2011,262.446289
8/29/2011,268.533478
8/30/2011,269.340454
8/31/2011,269.469971
9/1/2011,265.255768
9/2/2011,261.440063
9/6/2011,260.115021
9/7/2011,266.017914
9/8/2011,266.481171
9/9/2011,261.445038
9/12/2011,264.07019
9/13/2011,263.771332
9/14/2011,265.041565
9/15/2011,270.266968
9/16/2011,272.319275
9/19/2011,272.314301
9/20/2011,272.294373
9/21/2011,268.593262
9/22/2011,259.357849
9/23/2011,261.773804
9/26/2011,264.951904
9/27/2011,268.662994
9/28/2011,263.432587
9/29/2011,262.765106
9/30/2011,256.55835
10/3/2011,246.834808
10/4/2011,250.012894
10/5/2011,251.407669
10/6/2011,256.393982
10/7/2011,256.598206
10/10/2011,267.582031
10/11/2011,270.575806
10/12/2011,273.225891
10/13/2011,278.451294
10/14/2011,294.73526
10/17/2011,290.117554
10/18/2011,294.152435
10/19/2011,289.265747
10/20/2011,290.745209
10/21/2011,294.142487
10/24/2011,297.096405
10/25/2011,290.49118
10/26/2011,292.060272
10/27/2011,298.217194
10/28/2011,298.949463
10/31/2011,295.21347
11/1/2011,288.244598
11/2/2011,291.318054
11/3/2011,297.634399
11/4/2011,296.95694
11/7/2011,303.029175
11/8/2011,305.026672
11/9/2011,299.352966
11/10/2011,296.428925
11/11/2011,303.039124
11/14/2011,305.355438
11/15/2011,307.128815
11/16/2011,304.593323
11/17/2011,299.31311
11/18/2011,296.329285
11/21/2011,289.385315
11/22/2011,288.917053
11/23/2011,283.99054
11/25/2011,280.448822
11/28/2011,292.996765
11/29/2011,290.376587
11/30/2011,298.575867
12/1/2011,305.739014
12/2/2011,309.021698
12/5/2011,311.65683
12/6/2011,310.720337
12/7/2011,310.531067
12/8/2011,306.874756
12/9/2011,312.538544
12/12/2011,311.527313
12/13/2011,311.646881
12/14/2011,307.880981
12/15/2011,308.613251
12/16/2011,311.811249
12/19/2011,309.753967
12/20/2011,314.008026
12/21/2011,311.741516
12/22/2011,313.674286
12/23/2011,315.387848
12/27/2011,318.929565
12/28/2011,318.655609
12/29/2011,320.000549
12/30/2011,321.744019
1/3/2012,331.462585
1/4/2012,332.892242
1/5/2012,328.274536
1/6/2012,323.796326
1/9/2012,310.06778
1/10/2012,310.406525
1/11/2012,311.811249
1/12/2012,313.644379
1/13/2012,311.328064
1/17/2012,313.116364
1/18/2012,315.273285
1/19/2012,318.590851
1/20/2012,291.900879
1/23/2012,291.666748
1/24/2012,289.380341
1/25/2012,283.681702
1/26/2012,282.989288
1/27/2012,288.907104
1/30/2012,287.766388
1/31/2012,288.971863
2/1/2012,289.330505
2/2/2012,291.462524
2/3/2012,297.051575
2/6/2012,303.407745
2/7/2012,302.252075
2/8/2012,303.786346
2/9/2012,304.588318
2/10/2012,301.8237
2/13/2012,304.95694
2/14/2012,303.741516
2/15/2012,301.649353
2/16/2012,302.127563
2/17/2012,301.191071
2/21/2012,305.853577
2/22/2012,302.8349
2/23/2012,301.923309
2/24/2012,303.811249
2/27/2012,303.517334
2/28/2012,308.040375
2/29/2012,307.970642
3/1/2012,310.037903
3/2/2012,309.465057
3/5/2012,305.978119
3/6/2012,301.350464
3/7/2012,302.267029
3/8/2012,302.436401
3/9/2012,299.004272
3/12/2012,301.445099
3/13/2012,307.736542
3/14/2012,306.844879
3/15/2012,309.405273
3/16/2012,311.352966
3/19/2012,315.806274
3/20/2012,315.562195
3/21/2012,318.795074
3/22/2012,321.818756
3/23/2012,320.095215
3/26/2012,323.452606
3/27/2012,322.301941
3/28/2012,326.655609
3/29/2012,322.994324
3/30/2012,319.422729
4/2/2012,322.252106
4/3/2012,320.110138
4/4/2012,316.389099
4/5/2012,314.97937
4/9/2012,314.242157
4/10/2012,312.259583
4/11/2012,316.792572
4/12/2012,324.28949
4/13/2012,311.133789
4/16/2012,301.903381
4/17/2012,303.646851
4/18/2012,302.59082
4/19/2012,298.531036
4/20/2012,296.917084
4/23/2012,297.684204
4/24/2012,299.51236
4/25/2012,303.721588
4/26/2012,306.585846
4/27/2012,306.341766
4/30/2012,301.295685
5/1/2012,301.086456
5/2/2012,302.496185
5/3/2012,304.369141
5/4/2012,297.370392
5/7/2012,302.640625
5/8/2012,305.250854
5/9/2012,303.437653
5/10/2012,305.684235
5/11/2012,301.484955
5/14/2012,300.872253
5/15/2012,304.413971
5/16/2012,313.29071
5/17/2012,310.361694
5/18/2012,299.078979
5/21/2012,305.908386
5/22/2012,299.278229
5/23/2012,303.592072
5/24/2012,300.702881
5/25/2012,294.660553
5/29/2012,296.060303
5/30/2012,293.016693
5/31/2012,289.345459
6/1/2012,284.42392
6/4/2012,288.214691
6/5/2012,284.139984
6/6/2012,289.200989
6/7/2012,288.03537
6/8/2012,289.141235
6/11/2012,283.188538
6/12/2012,281.494873
6/13/2012,279.497375
6/14/2012,278.481171
6/15/2012,281.200989
6/18/2012,284.359161
6/19/2012,289.679199
6/20/2012,287.676727
6/21/2012,281.549683
6/22/2012,284.672974
6/25/2012,279.303101
6/26/2012,281.285675
6/27/2012,283.587036
6/28/2012,281.101349
6/29/2012,288.951935
7/2/2012,289.151184
7/3/2012,292.817444
7/5/2012,296.847351
7/6/2012,291.895905
7/9/2012,291.910858
7/10/2012,289.763885
7/11/2012,284.528503
7/12/2012,284.174835
7/13/2012,287.183563
7/16/2012,286.386566
7/17/2012,287.288177
7/18/2012,289.295654
7/19/2012,295.422668
7/20/2012,304.269531
7/23/2012,306.605774
7/24/2012,302.650604
7/25/2012,302.859802
7/26/2012,305.53479
7/27/2012,316.294464
7/30/2012,314.969421
7/31/2012,315.303162
8/1/2012,315.158722
8/2/2012,313.20105
8/3/2012,319.46756
8/6/2012,320.209778
8/7/2012,319.074036
8/8/2012,319.915863
8/9/2012,319.975647
8/10/2012,319.8013
8/13/2012,328.772675
8/14/2012,333.081543
8/15/2012,332.523621
8/16/2012,335.17868
8/17/2012,337.305695
8/20/2012,336.508698
8/21/2012,333.504944
8/22/2012,337.325623
8/23/2012,337.136322
8/24/2012,338.047913
8/27/2012,333.360474
8/28/2012,337.360504
8/29/2012,342.720398
8/30/2012,339.56723
8/31/2012,341.265839
9/4/2012,339.248413
9/5/2012,339.08902
9/6/2012,348.394135
9/7/2012,351.756531
9/10/2012,349.076569
9/11/2012,344.802582
9/12/2012,344.150055
9/13/2012,351.701721
9/14/2012,353.514954
9/17/2012,353.664368
9/18/2012,357.798889
9/19/2012,362.391663
9/20/2012,362.7005
9/21/2012,365.624542
9/24/2012,373.290802
9/25/2012,373.181213
9/26/2012,375.323212
9/27/2012,376.837524
9/28/2012,375.841248
10/1/2012,379.467651
10/2/2012,377.081604
10/3/2012,379.826324
10/4/2012,382.590942
10/5/2012,382.391693
10/8/2012,377.505005
10/9/2012,370.655701
10/10/2012,370.889801
10/11/2012,374.336884
10/12/2012,370.984467
10/15/2012,369.106506
10/16/2012,370.959564
10/17/2012,376.334412
10/18/2012,346.202362
10/19/2012,339.622009
10/22/2012,338.067841
10/23/2012,338.904694
10/24/2012,337.385406
10/25/2012,337.614532
10/26/2012,336.314423
10/31/2012,338.879791
11/1/2012,342.511169
11/2/2012,342.675568
11/5/2012,340.204834
11/6/2012,339.587158
11/7/2012,332.314392
11/8/2012,324.927094
11/9/2012,330.277039
11/12/2012,331.706696
11/13/2012,328.294464
11/14/2012,325.05661
11/15/2012,322.421478
11/16/2012,322.381622
11/19/2012,332.857361
11/20/2012,333.73407
11/21/2012,331.691742
11/23/2012,332.737823
11/26/2012,329.340546
11/27/2012,334.102692
11/28/2012,340.558502
11/29/2012,344.653168
11/30/2012,347.881042
12/3/2012,346.326874
12/4/2012,344.224762
12/5/2012,342.625763
12/6/2012,344.274567
12/7/2012,340.827484
12/10/2012,341.430237
12/11/2012,347.138824
12/12/2012,347.47757
12/13/2012,350.037964
12/14/2012,349.669342
12/17/2012,359.04422
12/18/2012,359.18866
12/19/2012,358.71048
12/20/2012,359.831268
12/21/2012,356.478821
12/24/2012,353.425262
12/26/2012,353.11145
12/27/2012,351.826263
12/28/2012,348.697998
12/31/2012,352.369232
1/2/2013,360.274597
1/3/2013,360.483826
1/4/2013,367.607117
1/7/2013,366.003143
1/8/2013,365.280823
1/9/2013,367.681824
1/10/2013,369.35556
1/11/2013,368.613342
1/14/2013,360.274597
1/15/2013,361.111481
1/16/2013,356.259644
1/17/2013,354.331879
1/18/2013,350.939606
1/22/2013,350.12265
1/23/2013,369.36554
1/24/2013,375.696808
1/25/2013,375.427795
1/28/2013,373.963287
1/29/2013,375.4328
1/30/2013,375.507507
1/31/2013,376.434021
2/1/2013,386.351868
2/4/2013,378.092804
2/5/2013,381.440277
2/6/2013,383.647003
2/7/2013,385.529938
2/8/2013,391.218628
2/11/2013,389.749115
2/12/2013,388.892334
2/13/2013,389.968292
2/14/2013,392.439056
2/15/2013,394.964569
2/19/2013,401.918518
2/20/2013,394.750366
2/21/2013,396.279633
2/22/2013,398.361847
2/25/2013,393.908539
2/26/2013,393.589722
2/27/2013,398.396698
2/28/2013,399.104065
3/1/2013,401.589752
3/4/2013,409.216156
3/5/2013,417.734222
3/6/2013,414.137695
3/7/2013,414.745422
3/8/2013,414.207458
3/11/2013,415.851288
3/12/2013,412.259735
3/13/2013,411.114044
3/14/2013,409.236084
3/15/2013,405.629608
3/18/2013,402.386749
3/19/2013,404.145172
3/20/2013,405.833832
3/21/2013,404.115265
3/22/2013,403.642059
3/25/2013,403.308289
3/26/2013,404.693115
3/27/2013,399.831329
3/28/2013,395.612152
4/1/2013,399.099091
4/2/2013,405.001953
4/3/2013,401.594727
4/4/2013,396.050507
4/5/2013,390.062958
4/8/2013,385.978271
4/9/2013,387.373016
4/10/2013,393.614624
4/11/2013,393.719238
4/12/2013,393.549866
4/15/2013,389.505035
4/16/2013,395.203674
4/17/2013,389.818878
4/18/2013,381.524963
4/19/2013,398.441528
4/22/2013,398.561096
4/23/2013,402.441559
4/24/2013,405.206177
4/25/2013,403.039307
4/26/2013,399.213654
4/29/2013,408.000702
4/30/2013,410.745422
5/1/2013,408.683167
5/2/2013,413.256012
5/3/2013,421.280945
5/6/2013,429.166382
5/7/2013,427.014435
5/8/2013,435.183838
5/9/2013,434.112823
5/10/2013,438.471497
5/13/2013,437.126556
5/14/2013,441.893677
5/15/2013,456.234924
5/16/2013,450.247375
5/17/2013,452.892456
5/20/2013,452.568665
5/21/2013,451.791565
5/22/2013,443.049347
5/23/2013,439.746735
5/24/2013,435.029388
5/28/2013,438.989563
5/29/2013,432.533752
5/30/2013,433.754181
5/31/2013,433.983337
6/3/2013,432.195038
6/4/2013,427.945953
6/5/2013,428.244843
6/6/2013,430.705597
6/7/2013,438.222443
6/10/2013,443.447845
6/11/2013,438.262299
6/12/2013,434.361908
6/13/2013,436.862518
6/14/2013,435.8862
6/17/2013,441.470276
6/18/2013,448.628418
6/19/2013,448.658325
6/20/2013,440.718079
6/21/2013,438.82019
6/24/2013,433.270996
6/25/2013,431.482697
6/26/2013,435.193787
6/27/2013,436.8974
6/28/2013,438.541229
7/1/2013,442.282227
7/2/2013,439.507629
7/3/2013,441.559937
7/5/2013,445.076752
7/8/2013,450.855072
7/9/2013,450.92981
7/10/2013,451.303406
7/11/2013,458.401794
7/12/2013,459.776642
7/15/2013,460.6185
7/16/2013,458.087982
7/17/2013,457.559967
7/18/2013,453.639648
7/19/2013,446.625946
7/22/2013,453.649597
7/23/2013,450.212494
7/24/2013,449.76416
7/25/2013,442.192566
7/26/2013,441.021942
7/29/2013,439.487701
7/30/2013,443.796539
7/31/2013,442.217468
8/1/2013,450.421722
8/2/2013,451.592316
8/5/2013,450.810242
8/6/2013,446.610992
8/7/2013,443.662048
8/8/2013,444.6633
8/9/2013,443.54248
8/12/2013,441.101654
8/13/2013,438.979584
8/14/2013,433.280945
8/15/2013,428.224915
8/16/2013,426.855042
8/19/2013,431.20871
8/20/2013,431.094147
8/21/2013,433.04184
8/22/2013,435.223663
8/23/2013,433.480225
8/26/2013,431.577332
8/27/2013,423.487671
8/28/2013,422.690643
8/29/2013,426.117798
8/30/2013,421.868744
9/3/2013,428.583557
9/4/2013,434.187561
9/5/2013,438.137756
9/6/2013,438.147705
9/9/2013,442.366913
9/10/2013,442.675751
9/11/2013,446.421692
9/12/2013,444.862549
9/13/2013,442.875
9/16/2013,442.222443
9/17/2013,441.400513
9/18/2013,449.973389
9/19/2013,447.517609
9/20/2013,449.868774
9/23/2013,441.594788
9/24/2013,441.76416
9/25/2013,436.977112
9/26/2013,437.445343
9/27/2013,436.558685
9/30/2013,436.31958
10/1/2013,441.843872
10/2/2013,442.337006
10/3/2013,436.409241
10/4/2013,434.546204
10/7/2013,431.253571
10/8/2013,425.241089
10/9/2013,426.332001
10/10/2013,432.498901
10/11/2013,434.366882
10/14/2013,436.419189
10/15/2013,439.358185
10/16/2013,447.338257
10/17/2013,442.735504
10/18/2013,503.816559
10/21/2013,499.776703
10/22/2013,501.619812
10/23/2013,513.779236
10/24/2013,510.860168
10/25/2013,505.704498
10/28/2013,505.604858
10/29/2013,516.185181
10/30/2013,513.286072
10/31/2013,513.365784
11/1/2013,511.602386
11/4/2013,511.13913
11/5/2013,508.852692
11/6/2013,509.465393
11/7/2013,502.093018
11/8/2013,506.11795
11/11/2013,503.408112
11/12/2013,504.000885
11/13/2013,514.307251
11/14/2013,515.682068
11/15/2013,514.85022
11/18/2013,513.848938
11/19/2013,510.685822
11/20/2013,509.246216
11/21/2013,515.104248
11/22/2013,514.018311
11/25/2013,521.012146
11/26/2013,527.228821
11/27/2013,529.570068
11/29/2013,527.816589
12/2/2013,525.271179
12/3/2013,524.663452
12/4/2013,527.114258
12/5/2013,526.695801
12/6/2013,532.937439
12/9/2013,537.057007
12/10/2013,540.30481
12/11/2013,536.633545
12/12/2013,532.982239
12/13/2013,528.414368
12/16/2013,534.486633
12/17/2013,532.932434
12/18/2013,540.349609
12/19/2013,541.081909
12/20/2013,548.255005
12/23/2013,555.467957
12/24/2013,553.844055
12/26/2013,556.643555
12/27/2013,557.111816
12/30/2013,552.658508
12/31/2013,558.262512
1/2/2014,554.481689
1/3/2014,550.436829
1/6/2014,556.573853
1/7/2014,567.303589
1/8/2014,568.484192
1/9/2014,563.009705
1/10/2014,562.979797
1/13/2014,559.39325
1/14/2014,572.553955
1/15/2014,572.165405
1/16/2014,575.951172
1/17/2014,573.116821
1/21/2014,579.677246
1/22/2014,580.334778
1/23/2014,577.883972
1/24/2014,559.81665
1/27/2014,548.558838
1/28/2014,559.408203
1/29/2014,551.39325
1/30/2014,565.575073
1/31/2014,588.279968
2/3/2014,564.598755
2/4/2014,566.954895
2/5/2014,569.465515
2/6/2014,577.814209
2/7/2014,586.521545
2/10/2014,584.274963
2/11/2014,592.867798
2/12/2014,591.129272
2/13/2014,597.709656
2/14/2014,599.154236
2/18/2014,603.179138
2/19/2014,598.92511
2/20/2014,599.806763
2/21/2014,599.6474
2/24/2014,603.991089
2/25/2014,607.722107
2/26/2014,607.806763
2/27/2014,607.328613
2/28/2014,605.555237
3/3/2014,599.099426
3/4/2014,605.186584
3/5/2014,606.855347
3/6/2014,607.527832
3/7/2014,605.126831
3/10/2014,603.522827
3/11/2014,597.754456
3/12/2014,601.395813
3/13/2014,592.309875
3/14/2014,584.210266
3/17/2014,593.824219
3/18/2014,603.368408
3/19/2014,597.385864
3/20/2014,596.344727
3/21/2014,589.311096
3/24/2014,576.802979
3/25/2014,577.196533
3/26/2014,563.87146
3/27/2014,556.930969
3/28/2014,558.456787
3/31/2014,555.445007
4/1/2014,565.607117
4/2/2014,565.447571
4/3/2014,568.180054
4/4/2014,541.652893
4/7/2014,536.676575
4/8/2014,553.380676
4/9/2014,562.595398
4/10/2014,539.468872
4/11/2014,529.147217
4/14/2014,531.061951
4/15/2014,534.971252
4/16/2014,555.016174
4/17/2014,534.632141
4/21/2014,527.172668
4/22/2014,533.345703
4/23/2014,525.497253
4/24/2014,523.722107
4/25/2014,514.766724
4/28/2014,515.73407
4/29/2014,526.255188
4/30/2014,525.218018
5/1/2014,529.895203
5/2/2014,526.484558
5/5/2014,526.364868
5/6/2014,513.729553
5/7/2014,508.563751
5/8/2014,509.600891
5/9/2014,517.309753
5/12/2014,528.469116
5/13/2014,531.630432
5/14/2014,525.208069
5/15/2014,518.556274
5/16/2014,519.204529
5/19/2014,527.411987
5/20/2014,528.319519
5/21/2014,537.464417
5/22/2014,543.567627
5/23/2014,551.186707
5/27/2014,564.400452
5/28/2014,560.142151
5/29/2014,558.546509
5/30/2014,558.357056
6/2/2014,552.41333
6/3/2014,543.447937
6/4/2014,543.168701
6/5/2014,552.383423
6/6/2014,554.806763
6/9/2014,560.580933
6/10/2014,559.015198
6/11/2014,557.309875
6/12/2014,549.840393
6/13/2014,550.249268
6/16/2014,542.789795
6/17/2014,541.523254
6/18/2014,551.854858
6/19/2014,553.380676
6/20/2014,554.83667
6/23/2014,563.403198
6/24/2014,563.074097
6/25/2014,577.065674
6/26/2014,574.422913
6/27/2014,575.659546
6/30/2014,573.704895
7/1/2014,581.074646
7/2/2014,580.740601
7/3/2014,583.129028
7/7/2014,580.655823
7/8/2014,569.526367
7/9/2014,574.502686
7/10/2014,569.536316
7/11/2014,577.594238
7/14/2014,583.268616
7/15/2014,583.178894
7/16/2014,581.064697
7/17/2014,572.159119
7/18/2014,593.450684
7/21/2014,587.856018
7/22/2014,593.111633
7/23/2014,594.348206
7/24/2014,591.725403
7/25/2014,587.407288
7/28/2014,588.982971
7/29/2014,584.006592
7/30/2014,585.811646
7/31/2014,570.034973
8/1/2014,564.520081
8/4/2014,571.58075
8/5/2014,563.522827
8/6/2014,564.823303
8/7/2014,561.817505
8/8/2014,567.212708
8/11/2014,566.325134
8/12/2014,561.18927
8/13/2014,573.206238
8/14/2014,573.076599
8/15/2014,571.909851
8/18/2014,580.56604
8/19/2014,585.253174
8/20/2014,582.889648
8/21/2014,581.772766
8/22/2014,580.964966
8/25/2014,578.61145
8/26/2014,576.277832
8/27/2014,569.436584
8/28/2014,567.641541
8/29/2014,570.034973
9/2/2014,575.749268
9/3/2014,576.357605
9/4/2014,580.386536
9/5/2014,584.475342
9/8/2014,588.105347
9/9/2014,579.419189
9/10/2014,581.503479
9/11/2014,579.758301
9/12/2014,574.043945
9/15/2014,571.530884
9/16/2014,578.362122
9/17/2014,583.168884
9/18/2014,587.656616
9/19/2014,594.447937
9/22/2014,585.76178
9/23/2014,579.538879
9/24/2014,586.380066
9/25/2014,573.485474
9/26/2014,575.519897
9/29/2014,574.781921
9/30/2014,575.779175
10/1/2014,566.714111
10/2/2014,568.519104
10/3/2014,573.704895
10/6/2014,575.769226
10/7/2014,562.196472
10/8/2014,570.932495
10/9/2014,559.344299
10/10/2014,542.999207
10/13/2014,531.750061
10/14/2014,536.467102
10/15/2014,528.578796
10/16/2014,523.073914
10/17/2014,509.770416
10/20/2014,519.41394
10/21/2014,525.098328
10/22/2014,531.251465
10/23/2014,542.490601
10/24/2014,538.302063
10/27/2014,539.289368
10/28/2014,547.397095
10/29/2014,547.825928
10/30/2014,548.803284
10/31/2014,557.549255
11/3/2014,553.699829
11/4/2014,552.592834
11/5/2014,544.425293
11/6/2014,540.555908
11/7/2014,539.528748
11/10/2014,545.990967
11/11/2014,548.783325
11/12/2014,545.811462
11/13/2014,543.88678
11/14/2014,542.909424
11/17/2014,535.041016
11/18/2014,533.565125
11/19/2014,535.519714
11/20/2014,533.365662
11/21/2014,536.02832
11/24/2014,537.793518
11/25/2014,539.598511
11/26/2014,538.890503
11/28/2014,540.346497
12/1/2014,532.33844
12/2/2014,532.288574
12/3/2014,529.865234
12/4/2014,535.838867
12/5/2014,523.821838
12/8/2014,525.537109
12/9/2014,531.909668
12/10/2014,524.619629
12/11/2014,526.893433
12/12/2014,517.239929
12/15/2014,512.39325
12/16/2014,494.03363
12/17/2014,503.507629
12/18/2014,509.700623
12/19/2014,514.936218
12/22/2014,523.432922
12/23/2014,529.137268
12/24/2014,527.322266
12/26/2014,532.56781
12/29/2014,528.877991
12/30/2014,528.967712
12/31/2014,524.95874
1/2/2015,523.373108
1/5/2015,512.463013
1/6/2015,500.585632
1/7/2015,499.727997
1/8/2015,501.30368
1/9/2015,494.811493
1/12/2015,491.201416
1/13/2015,494.821472
1/14/2015,499.498627
1/15/2015,500.416107
1/16/2015,506.688873
1/20/2015,505.512115
1/21/2015,516.621643
1/22/2015,532.926819
1/23/2015,538.471619
1/26/2015,533.744629
1/27/2015,517.210022
1/28/2015,508.603638
1/29/2015,509.26181
1/30/2015,533.056519
2/2/2015,527.03302
2/3/2015,527.790955
2/4/2015,521.328674
2/5/2015,526.135498
2/6/2015,529.546143
2/9/2015,526.384827
2/10/2015,535.469849
2/11/2015,534.502502
2/12/2015,541.443481
2/13/2015,547.506836
2/17/2015,541.353699
2/18/2015,538.22229
2/19/2015,541.383606
2/20/2015,537.474365
2/23/2015,530.453613
2/24/2015,534.622192
2/25/2015,542.38092
2/26/2015,553.959106
2/27/2015,556.871094
3/2/2015,569.775696
3/3/2015,572.069397
3/4/2015,571.80011
3/5/2015,573.754761
3/6/2015,566.130676
3/9/2015,567.29248
3/10/2015,553.490417
3/11/2015,549.670898
3/12/2015,553.989014
3/13/2015,545.821472
3/16/2015,552.99176
3/17/2015,549.331787
3/18/2015,557.968079
3/19/2015,556.462219
3/20/2015,558.825745
3/23/2015,557.279968
3/24/2015,568.628845
3/25/2015,557.255066
3/26/2015,553.649963
3/27/2015,546.838684
3/30/2015,550.518555
3/31/2015,546.499573
4/1/2015,541.074463
4/2/2015,534.063721
4/6/2015,535.295349
4/7/2015,535.549622
4/8/2015,540.127075
4/9/2015,539.299377
4/10/2015,538.531433
4/13/2015,537.693787
4/14/2015,528.937805
4/15/2015,531.07196
4/16/2015,532.33844
4/17/2015,522.615173
4/20/2015,533.914124
4/21/2015,532.507996
4/22/2015,537.888245
4/23/2015,545.502319
4/24/2015,563.512878
4/27/2015,555.369995
4/28/2015,553.679993
4/29/2015,549.080017
4/30/2015,537.340027
5/1/2015,537.900024
5/4/2015,540.780029
5/5/2015,530.799988
5/6/2015,524.219971
5/7/2015,530.700012
5/8/2015,538.219971
5/11/2015,535.700012
5/12/2015,529.039978
5/13/2015,529.619995
5/14/2015,538.400024
5/15/2015,533.849976
5/18/2015,532.299988
5/19/2015,537.359985
5/20/2015,539.27002
5/21/2015,542.51001
5/22/2015,540.109985
5/26/2015,532.320007
5/27/2015,539.789978
5/28/2015,539.780029
5/29/2015,532.109985
6/1/2015,533.98999
6/2/2015,539.179993
6/3/2015,540.309998
6/4/2015,536.700012
6/5/2015,533.330017
6/8/2015,526.830017
6/9/2015,526.690002
6/10/2015,536.690002
6/11/2015,534.609985
6/12/2015,532.330017
6/15/2015,527.200012
6/16/2015,528.150024
6/17/2015,529.26001
6/18/2015,536.72998
6/19/2015,536.690002
6/22/2015,538.190002
6/23/2015,540.47998
6/24/2015,537.840027
6/25/2015,535.22998
6/26/2015,531.690002
6/29/2015,521.52002
6/30/2015,520.51001
7/1/2015,521.840027
7/2/2015,523.400024
7/6/2015,522.859985
7/7/2015,525.02002
7/8/2015,516.830017
7/9/2015,520.679993
7/10/2015,530.130005
7/13/2015,546.549988
7/14/2015,561.099976
7/15/2015,560.219971
7/16/2015,579.849976
7/17/2015,672.929993
7/20/2015,663.02002
7/21/2015,662.299988
7/22/2015,662.099976
7/23/2015,644.280029
7/24/2015,623.559998
7/27/2015,627.26001
7/28/2015,628
7/29/2015,631.929993
7/30/2015,632.590027
7/31/2015,625.609985
8/3/2015,631.210022
8/4/2015,629.25
8/5/2015,643.780029
8/6/2015,642.679993
8/7/2015,635.299988
8/10/2015,633.72998
8/11/2015,660.780029
8/12/2015,659.559998
8/13/2015,656.450012
8/14/2015,657.119995
8/17/2015,660.869995
8/18/2015,656.130005
8/19/2015,660.900024
8/20/2015,646.830017
8/21/2015,612.47998
8/24/2015,589.609985
8/25/2015,582.059998
8/26/2015,628.619995
8/27/2015,637.609985
8/28/2015,630.380005
8/31/2015,618.25
9/1/2015,597.789978
9/2/2015,614.340027
9/3/2015,606.25
9/4/2015,600.700012
9/8/2015,614.659973
9/9/2015,612.719971
9/10/2015,621.349976
9/11/2015,625.77002
9/14/2015,623.23999
9/15/2015,635.140015
9/16/2015,635.97998
9/17/2015,642.900024
9/18/2015,629.25
9/21/2015,635.440002
9/22/2015,622.690002
9/23/2015,622.359985
9/24/2015,625.799988
9/25/2015,611.969971
9/28/2015,594.890015
9/29/2015,594.969971
9/30/2015,608.419983
10/1/2015,611.289978
10/2/2015,626.909973
10/5/2015,641.469971
10/6/2015,645.440002
10/7/2015,642.359985
10/8/2015,639.159973
10/9/2015,643.609985
10/12/2015,646.669983
10/13/2015,652.299988
10/14/2015,651.159973
10/15/2015,661.73999
10/16/2015,662.200012
10/19/2015,666.099976
10/20/2015,650.280029
10/21/2015,642.609985
10/22/2015,651.789978
10/23/2015,702
10/26/2015,712.780029
10/27/2015,708.48999
10/28/2015,712.950012
10/29/2015,716.919983
10/30/2015,710.809998
11/2/2015,721.109985
11/3/2015,722.159973
11/4/2015,728.109985
11/5/2015,731.25
11/6/2015,733.76001
11/9/2015,724.890015
11/10/2015,728.320007
11/11/2015,735.400024
11/12/2015,731.22998
11/13/2015,717
11/16/2015,728.960022
11/17/2015,725.299988
11/18/2015,740
11/19/2015,738.409973
11/20/2015,756.599976
11/23/2015,755.97998
11/24/2015,748.280029
11/25/2015,748.150024
11/27/2015,750.26001
11/30/2015,742.599976
12/1/2015,767.039978
12/2/2015,762.380005
12/3/2015,752.539978
12/4/2015,766.809998
12/7/2015,763.25
12/8/2015,762.369995
12/9/2015,751.609985
12/10/2015,749.460022
12/11/2015,738.869995
12/14/2015,747.77002
12/15/2015,743.400024
12/16/2015,758.090027
12/17/2015,749.429993
12/18/2015,739.309998
12/21/2015,747.77002
12/22/2015,750
12/23/2015,750.309998
12/24/2015,748.400024
12/28/2015,762.51001
12/29/2015,776.599976
12/30/2015,771
12/31/2015,758.880005
1/4/2016,741.840027
1/5/2016,742.580017
1/6/2016,743.619995
1/7/2016,726.390015
1/8/2016,714.469971
1/11/2016,716.030029
1/12/2016,726.070007
1/13/2016,700.559998
1/14/2016,714.719971
1/15/2016,694.450012
1/19/2016,701.789978
1/20/2016,698.450012
1/21/2016,706.590027
1/22/2016,725.25
1/25/2016,711.669983
1/26/2016,713.039978
1/27/2016,699.98999
1/28/2016,730.960022
1/29/2016,742.950012
2/1/2016,752
2/2/2016,764.650024
2/3/2016,726.950012
2/4/2016,708.01001
2/5/2016,683.570007
2/8/2016,682.73999
2/9/2016,678.109985
2/10/2016,684.119995
2/11/2016,683.109985
2/12/2016,682.400024
2/16/2016,691
2/17/2016,708.400024
2/18/2016,697.349976
2/19/2016,700.909973
2/22/2016,706.460022
2/23/2016,695.849976
2/24/2016,699.559998
2/25/2016,705.75
2/26/2016,705.070007
2/29/2016,697.77002
3/1/2016,718.809998
3/2/2016,718.849976
3/3/2016,712.419983
3/4/2016,710.890015
3/7/2016,695.159973
3/8/2016,693.969971
3/9/2016,705.23999
3/10/2016,712.820007
3/11/2016,726.820007
3/14/2016,730.48999
3/15/2016,728.330017
3/16/2016,736.090027
3/17/2016,737.780029
3/18/2016,737.599976
3/21/2016,742.090027
3/22/2016,740.75
3/23/2016,738.059998
3/24/2016,735.299988
3/28/2016,733.530029
3/29/2016,744.77002
3/30/2016,750.530029
3/31/2016,744.950012
4/1/2016,749.909973
4/4/2016,745.289978
4/5/2016,737.799988
4/6/2016,745.690002
4/7/2016,740.280029
4/8/2016,739.150024
4/11/2016,736.099976
4/12/2016,743.090027
4/13/2016,751.719971
4/14/2016,753.200012
4/15/2016,759
4/18/2016,766.609985
4/19/2016,753.929993
4/20/2016,752.669983
4/21/2016,759.140015
4/22/2016,718.77002
4/25/2016,723.150024
4/26/2016,708.140015
4/27/2016,705.840027
4/28/2016,691.02002
4/29/2016,693.01001
5/2/2016,698.210022
5/3/2016,692.359985
5/4/2016,695.700012
5/5/2016,701.429993
5/6/2016,711.119995
5/9/2016,712.900024
5/10/2016,723.179993
5/11/2016,715.289978
5/12/2016,713.309998
5/13/2016,710.830017
5/16/2016,716.48999
5/17/2016,706.22998
5/18/2016,706.630005
5/19/2016,700.320007
5/20/2016,709.73999
5/23/2016,704.23999
5/24/2016,720.090027
5/25/2016,725.27002
5/26/2016,724.119995
5/27/2016,732.659973
5/31/2016,735.719971
6/1/2016,734.150024
6/2/2016,730.400024
6/3/2016,722.340027
6/6/2016,716.549988
6/7/2016,716.650024
6/8/2016,728.280029
6/9/2016,728.580017
6/10/2016,719.409973
6/13/2016,718.359985
6/14/2016,718.27002
6/15/2016,718.919983
6/16/2016,710.359985
6/17/2016,691.719971
6/20/2016,693.710022
6/21/2016,695.940002
6/22/2016,697.460022
6/23/2016,701.869995
6/24/2016,675.219971
6/27/2016,668.26001
6/28/2016,680.039978
6/29/2016,684.109985
6/30/2016,692.099976
7/1/2016,699.210022
7/5/2016,694.950012
7/6/2016,697.77002
7/7/2016,695.359985
7/8/2016,705.630005
7/11/2016,715.090027
7/12/2016,720.640015
7/13/2016,716.97998
7/14/2016,720.950012
7/15/2016,719.849976
7/18/2016,733.780029
7/19/2016,736.960022
7/20/2016,741.190002
7/21/2016,738.630005
7/22/2016,742.73999
7/25/2016,739.77002
7/26/2016,738.419983
7/27/2016,741.77002
7/28/2016,745.909973
7/29/2016,768.789978
8/1/2016,772.880005
8/2/2016,771.070007
8/3/2016,773.179993
8/4/2016,771.609985
8/5/2016,782.219971
8/8/2016,781.76001
8/9/2016,784.26001
8/10/2016,784.679993
8/11/2016,784.849976
8/12/2016,783.219971
8/15/2016,782.440002
8/16/2016,777.140015
8/17/2016,779.909973
8/18/2016,777.5
8/19/2016,775.419983
8/22/2016,772.150024
8/23/2016,772.080017
8/24/2016,769.640015
8/25/2016,769.409973
8/26/2016,769.539978
8/29/2016,772.150024
8/30/2016,769.090027
8/31/2016,767.049988
9/1/2016,768.780029
9/2/2016,771.460022
9/6/2016,780.080017
9/7/2016,780.349976
9/8/2016,775.320007
9/9/2016,759.659973
9/12/2016,769.02002
9/13/2016,759.690002
9/14/2016,762.48999
9/15/2016,771.76001
9/16/2016,768.880005
9/19/2016,765.700012
9/20/2016,771.409973
9/21/2016,776.219971
9/22/2016,787.210022
9/23/2016,786.900024
9/26/2016,774.210022
9/27/2016,783.01001
9/28/2016,781.559998
9/29/2016,775.01001
9/30/2016,777.289978
10/3/2016,772.559998
10/4/2016,776.429993
10/5/2016,776.469971
10/6/2016,776.859985
10/7/2016,775.080017
10/10/2016,785.940002
10/11/2016,783.070007
10/12/2016,786.140015
10/13/2016,778.190002
10/14/2016,778.530029
10/17/2016,779.960022
10/18/2016,795.26001
10/19/2016,801.5
10/20/2016,796.969971
10/21/2016,799.369995
10/24/2016,813.109985
10/25/2016,807.669983
10/26/2016,799.070007
10/27/2016,795.349976
10/28/2016,795.369995
10/31/2016,784.539978
11/1/2016,783.609985
11/2/2016,768.700012
11/3/2016,762.130005
11/4/2016,762.02002
11/7/2016,782.52002
11/8/2016,790.51001
11/9/2016,785.309998
11/10/2016,762.559998
11/11/2016,754.02002
11/14/2016,736.080017
11/15/2016,758.48999
11/16/2016,764.47998
11/17/2016,771.22998
11/18/2016,760.539978
11/21/2016,769.200012
11/22/2016,768.27002
11/23/2016,760.98999
11/25/2016,761.679993
11/28/2016,768.23999
11/29/2016,770.840027
11/30/2016,758.039978
12/1/2016,747.919983
12/2/2016,750.5
12/5/2016,762.52002
12/6/2016,759.109985
12/7/2016,771.190002
12/8/2016,776.419983
12/9/2016,789.289978
12/12/2016,789.27002
12/13/2016,796.099976
12/14/2016,797.070007
12/15/2016,797.849976
12/16/2016,790.799988
12/19/2016,794.200012
12/20/2016,796.419983
12/21/2016,794.559998
12/22/2016,791.26001
12/23/2016,789.909973
12/27/2016,791.549988
12/28/2016,785.049988
12/29/2016,782.789978
12/30/2016,771.820007
1/3/2017,786.140015
1/4/2017,786.900024
1/5/2017,794.02002
1/6/2017,806.150024
1/9/2017,806.650024
1/10/2017,804.789978
1/11/2017,807.909973
1/12/2017,806.359985
1/13/2017,807.880005
1/17/2017,804.609985
1/18/2017,806.070007
1/19/2017,802.174988
1/20/2017,805.02002
1/23/2017,819.309998
1/24/2017,823.869995
1/25/2017,835.669983
1/26/2017,832.150024
1/27/2017,823.309998
1/30/2017,802.320007
1/31/2017,796.789978
2/1/2017,795.695007
2/2/2017,798.530029
2/3/2017,801.48999
2/6/2017,801.340027
2/7/2017,806.969971
2/8/2017,808.380005
2/9/2017,809.559998
2/10/2017,813.669983
2/13/2017,819.23999
2/14/2017,820.450012
2/15/2017,818.97998
2/16/2017,824.159973
2/17/2017,828.070007
2/21/2017,831.659973
2/22/2017,830.76001
2/23/2017,831.330017
2/24/2017,828.640015
2/27/2017,829.280029
2/28/2017,823.210022
3/1/2017,835.23999
3/2/2017,830.630005
3/3/2017,829.080017
3/6/2017,827.780029
3/7/2017,831.909973
3/8/2017,835.369995
3/9/2017,838.679993
3/10/2017,843.25
3/13/2017,845.539978
3/14/2017,845.619995
3/15/2017,847.200012
3/16/2017,848.780029
3/17/2017,852.119995
3/20/2017,848.400024
3/21/2017,830.460022
3/22/2017,829.590027
3/23/2017,817.580017
3/24/2017,814.429993
3/27/2017,819.51001
3/28/2017,820.919983
3/29/2017,831.409973
3/30/2017,831.5
3/31/2017,829.559998
4/3/2017,838.549988
4/4/2017,834.570007
4/5/2017,831.409973
4/6/2017,827.880005
4/7/2017,824.669983
4/10/2017,824.72998
4/11/2017,823.349976
4/12/2017,824.320007
4/13/2017,823.559998
4/17/2017,837.169983
4/18/2017,836.820007
4/19/2017,838.210022
4/20/2017,841.650024
4/21/2017,843.190002
4/24/2017,862.76001
4/25/2017,872.299988
4/26/2017,871.72998
4/27/2017,874.25
4/28/2017,905.960022
5/1/2017,912.570007
5/2/2017,916.440002
5/3/2017,927.039978
5/4/2017,931.659973
5/5/2017,927.130005
5/8/2017,934.299988
5/9/2017,932.169983
5/10/2017,928.780029
5/11/2017,930.599976
5/12/2017,932.219971
5/15/2017,937.080017
5/16/2017,943
5/17/2017,919.619995
5/18/2017,930.23999
5/19/2017,934.01001
5/22/2017,941.859985
5/23/2017,948.820007
5/24/2017,954.960022
5/25/2017,969.539978
5/26/2017,971.469971
5/30/2017,975.880005
5/31/2017,964.859985
6/1/2017,966.950012
6/2/2017,975.599976
6/5/2017,983.679993
6/6/2017,976.570007
6/7/2017,980.940002
6/8/2017,983.409973
6/9/2017,949.830017
6/12/2017,942.900024
6/13/2017,953.400024
6/14/2017,950.76001
6/15/2017,942.309998
6/16/2017,939.780029
6/19/2017,957.369995
6/20/2017,950.630005
6/21/2017,959.450012
6/22/2017,957.090027
6/23/2017,965.590027
6/26/2017,952.27002
6/27/2017,927.330017
6/28/2017,940.48999
6/29/2017,917.789978
6/30/2017,908.72998
7/3/2017,898.700012
7/5/2017,911.710022
7/6/2017,906.690002
7/7/2017,918.590027
7/10/2017,928.799988
7/11/2017,930.090027
7/12/2017,943.830017
7/13/2017,947.159973
7/14/2017,955.98999
7/17/2017,953.419983
7/18/2017,965.400024
7/19/2017,970.890015
7/20/2017,968.150024
7/21/2017,972.919983
7/24/2017,980.340027
7/25/2017,950.700012
7/26/2017,947.799988
7/27/2017,934.090027
7/28/2017,941.530029
7/31/2017,930.5
8/1/2017,930.830017
8/2/2017,930.390015
8/3/2017,923.650024
8/4/2017,927.960022
8/7/2017,929.359985
8/8/2017,926.789978
8/9/2017,922.900024
8/10/2017,907.23999
8/11/2017,914.390015
8/14/2017,922.669983
8/15/2017,922.219971
8/16/2017,926.960022
8/17/2017,910.97998
8/18/2017,910.669983
8/21/2017,906.659973
8/22/2017,924.690002
8/23/2017,927
8/24/2017,921.280029
8/25/2017,915.890015
8/28/2017,913.809998
8/29/2017,921.289978
8/30/2017,929.570007
8/31/2017,939.330017
9/1/2017,937.340027
9/5/2017,928.450012
9/6/2017,927.809998
9/7/2017,935.950012
9/8/2017,926.5
9/11/2017,929.080017
9/12/2017,932.070007
9/13/2017,935.090027
9/14/2017,925.109985
9/15/2017,920.289978
9/18/2017,915
9/19/2017,921.809998
9/20/2017,931.580017
9/21/2017,932.450012
9/22/2017,928.530029
9/25/2017,920.969971
9/26/2017,924.859985
9/27/2017,944.48999
9/28/2017,949.5
9/29/2017,959.109985
10/2/2017,953.27002
10/3/2017,957.789978
10/4/2017,951.679993
10/5/2017,969.960022
10/6/2017,978.890015
10/9/2017,977
10/10/2017,972.599976
10/11/2017,989.25
10/12/2017,987.830017
10/13/2017,989.679993
10/16/2017,992
10/17/2017,992.179993
10/18/2017,992.809998
10/19/2017,984.450012
10/20/2017,988.200012
10/23/2017,968.450012
10/24/2017,970.539978
10/25/2017,973.330017
10/26/2017,972.559998
10/27/2017,1019.27002
10/30/2017,1017.109985
10/31/2017,1016.640015
11/1/2017,1025.5
11/2/2017,1025.579956
11/3/2017,1032.47998
11/6/2017,1025.900024
11/7/2017,1033.329956
11/8/2017,1039.849976
11/9/2017,1031.26001
11/10/2017,1028.069946
11/13/2017,1025.75
11/14/2017,1026
11/15/2017,1020.909973
11/16/2017,1032.5
11/17/2017,1019.090027
11/20/2017,1018.380005
11/21/2017,1034.48999
11/22/2017,1035.959961
11/24/2017,1040.609985
11/27/2017,1054.209961
11/28/2017,1047.410034
11/29/2017,1021.659973
11/30/2017,1021.409973
12/1/2017,1010.169983
12/4/2017,998.679993
12/5/2017,1005.150024
12/6/2017,1018.380005
12/7/2017,1030.930054
12/8/2017,1037.050049
12/11/2017,1041.099976
12/12/2017,1040.47998
12/13/2017,1040.609985
12/14/2017,1049.150024
12/15/2017,1064.189941
12/18/2017,1077.140015
12/19/2017,1070.680054
12/20/2017,1064.949951
12/21/2017,1063.630005
12/22/2017,1060.119995
12/26/2017,1056.73999
12/27/2017,1049.369995
12/28/2017,1048.140015
12/29/2017,1046.400024
1/2/2018,1065
1/3/2018,1082.47998
1/4/2018,1086.400024
1/5/2018,1102.22998
1/8/2018,1106.939941
1/9/2018,1106.26001
1/10/2018,1102.609985
1/11/2018,1105.52002
1/12/2018,1122.26001
1/16/2018,1121.76001
1/17/2018,1131.97998
1/18/2018,1129.790039
1/19/2018,1137.51001
1/22/2018,1155.810059
1/23/2018,1169.969971
1/24/2018,1164.23999
1/25/2018,1170.369995
1/26/2018,1175.839966
1/29/2018,1175.579956
1/30/2018,1163.689941
1/31/2018,1169.939941
2/1/2018,1167.699951
2/2/2018,1111.900024
2/5/2018,1055.800049
2/6/2018,1080.599976
2/7/2018,1048.579956
2/8/2018,1001.52002
2/9/2018,1037.780029
2/12/2018,1051.939941
2/13/2018,1052.099976
2/14/2018,1069.699951
2/15/2018,1089.52002
2/16/2018,1094.800049
2/20/2018,1102.459961
2/21/2018,1111.339966
2/22/2018,1106.630005
2/23/2018,1126.790039
2/26/2018,1143.75
2/27/2018,1118.290039
2/28/2018,1104.72998
3/1/2018,1069.52002
3/2/2018,1078.920044
3/5/2018,1090.930054
3/6/2018,1095.060059
3/7/2018,1109.640015
3/8/2018,1126
3/9/2018,1160.040039
3/12/2018,1164.5
3/13/2018,1138.170044
3/14/2018,1149.48999
3/15/2018,1149.579956
3/16/2018,1135.72998
3/19/2018,1099.819946
3/20/2018,1097.709961
3/21/2018,1090.880005
3/22/2018,1049.079956
3/23/2018,1021.570007
3/26/2018,1053.209961
3/27/2018,1005.099976
3/28/2018,1004.559998
3/29/2018,1031.790039
4/2/2018,1006.469971
4/3/2018,1013.409973
4/4/2018,1025.140015
4/5/2018,1027.810059
4/6/2018,1007.039978
4/9/2018,1015.450012
4/10/2018,1031.640015
4/11/2018,1019.969971
4/12/2018,1032.51001
4/13/2018,1029.27002
4/16/2018,1037.97998
4/17/2018,1074.160034
4/18/2018,1072.079956
4/19/2018,1087.699951
4/20/2018,1072.959961
4/23/2018,1067.449951
4/24/2018,1019.97998
4/25/2018,1021.179993
4/26/2018,1040.040039
4/27/2018,1030.050049
4/30/2018,1017.330017
5/1/2018,1037.310059
5/2/2018,1024.380005
5/3/2018,1023.719971
5/4/2018,1048.209961
5/7/2018,1054.790039
5/8/2018,1053.910034
5/9/2018,1082.76001
5/10/2018,1097.569946
5/11/2018,1098.26001
5/14/2018,1100.199951
5/15/2018,1079.22998
5/16/2018,1081.77002
5/17/2018,1078.589966
5/18/2018,1066.359985
5/21/2018,1079.579956
5/22/2018,1069.72998
5/23/2018,1079.689941
5/24/2018,1079.23999
5/25/2018,1075.660034
5/29/2018,1060.319946
5/30/2018,1067.800049
5/31/2018,1084.98999
6/1/2018,1119.5
6/4/2018,1139.290039
6/5/2018,1139.660034
6/6/2018,1136.880005
6/7/2018,1123.859985
6/8/2018,1120.869995
6/11/2018,1129.98999
6/12/2018,1139.319946
6/13/2018,1134.790039
6/14/2018,1152.119995
6/15/2018,1152.26001
6/18/2018,1173.459961
6/19/2018,1168.060059
6/20/2018,1169.839966
6/21/2018,1157.660034
6/22/2018,1155.47998
6/25/2018,1124.810059
6/26/2018,1118.459961
6/27/2018,1103.97998
6/28/2018,1114.219971
6/29/2018,1115.650024
7/2/2018,1127.459961
7/3/2018,1102.890015
7/5/2018,1124.27002
7/6/2018,1140.170044
7/9/2018,1154.050049
7/10/2018,1152.839966
7/11/2018,1153.900024
7/12/2018,1183.47998
7/13/2018,1188.819946
7/16/2018,1183.859985
7/17/2018,1198.800049
7/18/2018,1195.880005
7/19/2018,1186.959961
7/20/2018,1184.910034
7/23/2018,1205.5
7/24/2018,1248.079956
7/25/2018,1263.699951
7/26/2018,1268.329956
7/27/2018,1238.5
7/30/2018,1219.73999
7/31/2018,1217.26001
8/1/2018,1220.01001
8/2/2018,1226.150024
8/3/2018,1223.709961
8/6/2018,1224.77002
8/7/2018,1242.219971
8/8/2018,1245.609985
8/9/2018,1249.099976
8/10/2018,1237.609985
8/13/2018,1235.01001
8/14/2018,1242.099976
8/15/2018,1214.380005
8/16/2018,1206.48999
8/17/2018,1200.959961
8/20/2018,1207.77002
8/21/2018,1201.619995
8/22/2018,1207.329956
8/23/2018,1205.380005
8/24/2018,1220.650024
8/27/2018,1241.819946
8/28/2018,1231.150024
8/29/2018,1249.300049
8/30/2018,1239.119995
8/31/2018,1218.189941
9/4/2018,1197
9/5/2018,1186.47998
9/6/2018,1171.439941
9/7/2018,1164.829956
9/10/2018,1164.640015
9/11/2018,1177.359985
9/12/2018,1162.819946
9/13/2018,1175.329956
9/14/2018,1172.530029
9/17/2018,1156.050049
9/18/2018,1161.219971
9/19/2018,1171.089966
9/20/2018,1186.869995
9/21/2018,1166.089966
9/24/2018,1173.369995
9/25/2018,1184.650024
9/26/2018,1180.48999
9/27/2018,1194.640015
9/28/2018,1193.469971
10/1/2018,1195.310059
10/2/2018,1200.109985
10/3/2018,1202.949951
10/4/2018,1168.189941
10/5/2018,1157.349976
10/8/2018,1148.969971
10/9/2018,1138.819946
10/10/2018,1081.219971
10/11/2018,1079.319946
10/12/2018,1110.079956
10/15/2018,1092.25
10/16/2018,1121.280029
10/17/2018,1115.689941
10/18/2018,1087.969971
10/19/2018,1096.459961
10/22/2018,1101.160034
10/23/2018,1103.689941
10/24/2018,1050.709961
10/25/2018,1095.569946
10/26/2018,1071.469971
10/29/2018,1020.080017
10/30/2018,1036.209961
10/31/2018,1076.77002
11/1/2018,1070
11/2/2018,1057.790039
11/5/2018,1040.089966
11/6/2018,1055.810059
11/7/2018,1093.390015
11/8/2018,1082.400024
11/9/2018,1066.150024
11/12/2018,1038.630005
11/13/2018,1036.050049
11/14/2018,1043.660034
11/15/2018,1064.709961
11/16/2018,1061.48999
11/19/2018,1020
11/20/2018,1025.76001
11/21/2018,1037.609985
11/23/2018,1023.880005
11/26/2018,1048.619995
11/27/2018,1044.410034
11/28/2018,1086.22998
11/29/2018,1088.300049
11/30/2018,1094.430054
12/3/2018,1106.430054
12/4/2018,1050.819946
12/6/2018,1068.72998
12/7/2018,1036.579956
12/10/2018,1039.550049
12/11/2018,1051.75
12/12/2018,1063.680054
12/13/2018,1061.900024
12/14/2018,1042.099976
12/17/2018,1016.530029
12/18/2018,1028.709961
12/19/2018,1023.01001
12/20/2018,1009.409973
12/21/2018,979.539978
12/24/2018,976.219971
12/26/2018,1039.459961
12/27/2018,1043.880005
12/28/2018,1037.079956
12/31/2018,1035.609985
1/2/2019,1045.849976
1/3/2019,1016.059998
1/4/2019,1070.709961
1/7/2019,1068.390015
1/8/2019,1076.280029
1/9/2019,1074.660034
1/10/2019,1070.329956
1/11/2019,1057.189941
1/14/2019,1044.689941
1/15/2019,1077.150024
1/16/2019,1080.969971
1/17/2019,1089.900024
1/18/2019,1098.26001
1/22/2019,1070.52002
1/23/2019,1075.569946
1/24/2019,1073.900024
1/25/2019,1090.98999
1/28/2019,1070.079956
1/29/2019,1060.619995
1/30/2019,1089.060059
1/31/2019,1116.369995
2/1/2019,1110.75
2/4/2019,1132.800049
2/5/2019,1145.98999
2/6/2019,1115.22998
2/7/2019,1098.709961
2/8/2019,1095.060059
2/11/2019,1095.01001
2/12/2019,1121.369995
2/13/2019,1120.160034
2/14/2019,1121.670044
2/15/2019,1113.650024
2/19/2019,1118.560059
2/20/2019,1113.800049
2/21/2019,1096.969971
2/22/2019,1110.369995
2/25/2019,1109.400024
2/26/2019,1115.130005
2/27/2019,1116.050049
2/28/2019,1119.920044
3/1/2019,1140.98999
3/4/2019,1147.800049
3/5/2019,1162.030029
3/6/2019,1157.859985
3/7/2019,1143.300049
3/8/2019,1142.319946
3/11/2019,1175.76001
3/12/2019,1193.199951
3/13/2019,1193.319946
3/14/2019,1185.550049
3/15/2019,1184.459961
3/18/2019,1184.26001
3/19/2019,1198.849976
3/20/2019,1223.969971
3/21/2019,1231.540039
3/22/2019,1205.5
3/25/2019,1193
3/26/2019,1184.619995
3/27/2019,1173.02002
3/28/2019,1168.48999
3/29/2019,1173.310059
4/1/2019,1194.430054
4/2/2019,1200.48999
4/3/2019,1205.920044
4/4/2019,1215
4/5/2019,1207.150024
4/8/2019,1203.839966
4/9/2019,1197.25
4/10/2019,1202.160034
4/11/2019,1204.619995
4/12/2019,1217.869995
4/15/2019,1221.099976
4/16/2019,1227.130005
4/17/2019,1236.339966
4/18/2019,1236.369995
4/22/2019,1248.839966
4/23/2019,1264.550049
4/24/2019,1256
4/25/2019,1263.449951
4/26/2019,1272.180054
4/29/2019,1287.579956
4/30/2019,1188.47998
5/1/2019,1168.079956
5/2/2019,1162.609985
5/3/2019,1185.400024
5/6/2019,1189.390015
5/7/2019,1174.099976
5/8/2019,1166.27002
5/9/2019,1162.380005
5/10/2019,1164.27002
5/13/2019,1132.030029
5/14/2019,1120.439941
5/15/2019,1164.209961
5/16/2019,1178.97998
5/17/2019,1162.300049
5/20/2019,1138.849976
5/21/2019,1149.630005
5/22/2019,1151.420044
5/23/2019,1140.77002
5/24/2019,1133.469971
5/28/2019,1134.150024
5/29/2019,1116.459961
5/30/2019,1117.949951
5/31/2019,1103.630005
6/3/2019,1036.22998
6/4/2019,1053.050049
6/5/2019,1042.219971
6/6/2019,1044.339966
6/7/2019,1066.040039
6/10/2019,1080.380005
6/11/2019,1078.719971
6/12/2019,1077.030029
6/13/2019,1088.77002
6/14/2019,1085.349976
6/17/2019,1092.5
6/18/2019,1103.599976
6/19/2019,1102.329956
6/20/2019,1111.420044
6/21/2019,1121.880005
6/24/2019,1115.52002
6/25/2019,1086.349976
6/26/2019,1079.800049
6/27/2019,1076.01001
6/28/2019,1080.910034
7/1/2019,1097.949951
7/2/2019,1111.25
7/3/2019,1121.579956
7/5/2019,1131.589966
7/8/2019,1116.349976
7/9/2019,1124.829956
7/10/2019,1140.47998
7/11/2019,1144.209961
7/12/2019,1144.900024
7/15/2019,1150.339966
7/16/2019,1153.579956
7/17/2019,1146.349976
7/18/2019,1146.329956
7/19/2019,1130.099976
7/22/2019,1138.069946
7/23/2019,1146.209961
7/24/2019,1137.810059
7/25/2019,1132.119995
7/26/2019,1250.410034
7/29/2019,1239.410034
7/30/2019,1225.140015
7/31/2019,1216.680054
8/1/2019,1209.01001
8/2/2019,1193.98999
8/5/2019,1152.319946
8/6/2019,1169.949951
8/7/2019,1173.98999
8/8/2019,1204.800049
8/9/2019,1188.01001
8/12/2019,1174.709961
8/13/2019,1197.27002
8/14/2019,1164.290039
8/15/2019,1167.26001
8/16/2019,1177.599976
8/19/2019,1198.449951
8/20/2019,1182.689941
8/21/2019,1191.25
8/22/2019,1189.530029
8/23/2019,1151.290039
8/26/2019,1168.890015
8/27/2019,1167.839966
8/28/2019,1171.02002
8/29/2019,1192.849976
8/30/2019,1188.099976
9/3/2019,1168.390015
9/4/2019,1181.410034
9/5/2019,1211.380005
9/6/2019,1204.930054
9/9/2019,1204.410034
9/10/2019,1206
9/11/2019,1220.170044
9/12/2019,1234.25
9/13/2019,1239.560059
9/16/2019,1231.300049
9/17/2019,1229.150024
9/18/2019,1232.410034
9/19/2019,1238.709961
9/20/2019,1229.930054
9/23/2019,1234.030029
9/24/2019,1218.76001
9/25/2019,1246.52002
9/26/2019,1241.390015
9/27/2019,1225.089966
9/30/2019,1219
10/1/2019,1205.099976
10/2/2019,1176.630005
10/3/2019,1187.829956
10/4/2019,1209
10/7/2019,1207.680054
10/8/2019,1189.130005
10/9/2019,1202.310059
10/10/2019,1208.670044
10/11/2019,1215.449951
10/14/2019,1217.140015
10/15/2019,1243.01001
10/16/2019,1243.640015
10/17/2019,1253.069946
10/18/2019,1245.48999
10/21/2019,1246.150024
10/22/2019,1242.800049
10/23/2019,1259.130005
10/24/2019,1260.98999
10/25/2019,1265.130005
10/28/2019,1290
10/29/2019,1262.619995
10/30/2019,1261.290039
10/31/2019,1260.109985
11/1/2019,1273.73999
11/4/2019,1291.369995
11/5/2019,1292.030029
11/6/2019,1291.800049
11/7/2019,1308.859985
11/8/2019,1311.369995
11/11/2019,1299.189941
11/12/2019,1298.800049
11/13/2019,1298
11/14/2019,1311.459961
11/15/2019,1334.869995
11/18/2019,1320.699951
11/19/2019,1315.459961
11/20/2019,1303.050049
11/21/2019,1301.349976
11/22/2019,1295.339966
11/25/2019,1306.689941
11/26/2019,1313.550049
11/27/2019,1312.98999
11/29/2019,1304.959961
12/2/2019,1289.920044
12/3/2019,1295.280029
12/4/2019,1320.540039
12/5/2019,1328.130005
12/6/2019,1340.619995
12/9/2019,1343.560059
12/10/2019,1344.660034
12/11/2019,1345.02002
12/12/2019,1350.27002
12/13/2019,1347.829956
12/16/2019,1361.170044
12/17/2019,1355.119995
12/18/2019,1352.619995
12/19/2019,1356.040039
12/20/2019,1349.589966
12/23/2019,1348.839966
12/24/2019,1343.560059
12/26/2019,1360.400024
12/27/2019,1351.890015
12/30/2019,1336.140015
12/31/2019,1337.02002
1/2/2020,1367.369995
1/3/2020,1360.660034
1/6/2020,1394.209961
1/7/2020,1393.339966
1/8/2020,1404.319946
1/9/2020,1419.829956
1/10/2020,1429.72998
1/13/2020,1439.22998
1/14/2020,1430.880005
1/15/2020,1439.199951
1/16/2020,1451.699951
1/17/2020,1480.390015
1/21/2020,1484.400024
1/22/2020,1485.949951
1/23/2020,1486.650024
1/24/2020,1466.709961
1/27/2020,1433.900024
1/28/2020,1452.560059
1/29/2020,1458.630005
1/30/2020,1455.839966
1/31/2020,1434.22998
2/3/2020,1485.939941
2/4/2020,1447.069946
2/5/2020,1448.22998
2/6/2020,1476.22998
2/7/2020,1479.22998
2/10/2020,1508.680054
2/11/2020,1508.790039
2/12/2020,1518.27002
2/13/2020,1514.660034
2/14/2020,1520.73999
2/18/2020,1519.670044
2/19/2020,1526.689941
2/20/2020,1518.150024
2/21/2020,1485.109985
2/24/2020,1421.589966
2/25/2020,1388.449951
2/26/2020,1393.180054
2/27/2020,1318.089966
2/28/2020,1339.329956
3/2/2020,1389.109985
3/3/2020,1341.390015
3/4/2020,1386.52002
3/5/2020,1319.040039
3/6/2020,1298.410034
3/9/2020,1215.560059
3/10/2020,1280.390015
3/11/2020,1215.410034
3/12/2020,1114.910034
3/13/2020,1219.72998
3/16/2020,1084.329956
3/17/2020,1119.800049
3/18/2020,1096.800049
3/19/2020,1115.290039
3/20/2020,1072.319946
3/23/2020,1056.619995
3/24/2020,1134.459961
3/25/2020,1102.48999
3/26/2020,1161.75
3/27/2020,1110.709961
3/30/2020,1146.819946
3/31/2020,1162.810059
4/1/2020,1105.619995
4/2/2020,1120.839966
4/3/2020,1097.880005
